result_name,B_init,T_init,delta_B_init,zeta_init,sigma_init,origin_init,B,T,delta_B,zeta,sigma,origin,chi2,redchi,func_evals,B_unc,T_unc,delta_B_unc,zeta_unc,sigma_unc,origin_unc
result1,0.01,2.7,-0.1,-0.1,0.05,0,0.00999996698606135,299.98669052062286,-0.17712648533112008,0.8538134233926731,0.14612909687759362,0.8103824517612264,2026.1566331800268,13.97349402193122,161,0.0043265859903244604,1567849.6720547643,0.025669351477562448,0.038332485598056326,0.05455321694376331,0.09792569825002298
result2,0.005,32.7,-0.4,-0.9,0.1,0.039,0.009999986770035966,102.84854383341936,-0.003063454787378239,-0.17059506928638135,0.05000000000000002,0.056967488970499414,1234.1662520512123,8.511491393456636,2046,,,,,,
result3,0.002,62.5,-0.8,-0.5,0.3,0.072,0.006658538057688828,68.13163406154995,-0.01161608645515555,-0.5168507309912489,0.3,0.5293492947874627,1888.3459777673488,13.023075708740336,1200,,,,,,
result4,0.0005,32.5,-0.45,-0.01,0.17,0.012,0.009999957974005302,283.36251797357124,-0.31309735158592555,-0.9999999999999352,0.2999679759137195,-1.994965604710137,4610.954273699599,31.79968464620413,398,0.059246209636658005,223.71626893928283,0.18860830013271043,2.058752990950424,0.32838679480396016,0.48332311668254424
result5,0.0075,92.5,-0.23,-0.23,0.23,0.02,0.00999998279768248,122.30373705260781,-0.007733609266914909,-0.1715652246739331,0.05000000000000002,-0.12122402005261645,1272.9212620013504,8.778767324147244,2883,,,,,,
