3.065537797902479269e+03 9.914790872766153784e-01 1.304968651761889177e-02 3.183695012181936363e+03
3.065546174887135294e+03 9.890793830564708067e-01 1.299359029552099760e-02 3.176214906106665694e+03
3.065554551871790864e+03 9.868194095876954286e-01 1.293935451233561157e-02 3.169182452913380075e+03
3.065562928856446888e+03 9.996627975968209734e-01 1.306873805685143143e-02 3.210657040212771335e+03
3.065571305841102458e+03 1.012891480424169544e+00 1.320214933143265892e-02 3.253375037919302486e+03
3.065579682825758482e+03 1.015748776645029050e+00 1.317642842263292390e-02 3.262784140669044064e+03
3.065588059810414052e+03 1.018147240770554518e+00 1.314561019643166982e-02 3.270720582952563745e+03
3.065596436795070076e+03 1.016115682481611104e+00 1.311181780015562362e-02 3.264425998766748762e+03
3.065604813779725646e+03 1.013851915042327967e+00 1.307764242376165120e-02 3.257384428209358703e+03
3.065613190764381670e+03 1.013576602075502819e+00 1.310703854099621798e-02 3.256730944206391996e+03
3.065621567749037240e+03 1.013683565762637295e+00 1.314266683387089844e-02 3.257305717945625929e+03
3.065629944733693264e+03 1.007080342005041151e+00 1.304212376594385270e-02 3.236316925028149853e+03
3.065638321718349289e+03 9.993473827153899203e-01 1.292276911250556277e-02 3.211694386710225444e+03
3.065646698703004859e+03 9.986845932304465601e-01 1.292998812634126200e-02 3.209791987906129634e+03
3.065655075687660883e+03 9.993539827908585194e-01 1.295746211997515600e-02 3.212171240343942372e+03
3.065663452672316453e+03 9.963560319375617258e-01 1.292612059376470508e-02 3.202762221454544488e+03
3.065671829656972477e+03 9.922928168160413120e-01 1.288065551925215296e-02 3.189927326771737171e+03
3.065680206641628047e+03 1.000039056906108614e+00 1.297782277115723699e-02 3.215057170317158125e+03
3.065688583626284071e+03 1.010557164533158137e+00 1.310841495612846859e-02 3.249102542107324552e+03
3.065696960610939641e+03 1.013417392511809956e+00 1.310636450790363290e-02 3.258529658671790912e+03
3.065705337595595665e+03 1.013657296186537993e+00 1.306279407584113976e-02 3.259532123845801834e+03
3.065713714580251235e+03 1.015892647051150011e+00 1.306436659889998256e-02 3.266951744233722820e+03
3.065722091564907259e+03 1.019143887762059553e+00 1.308251643004313194e-02 3.277639558128906174e+03
3.065730468549563284e+03 1.014545412940069502e+00 1.301055883032055209e-02 3.263081818902371197e+03
3.065738845534218854e+03 1.007123275067737467e+00 1.290902195394641634e-02 3.239439593536206303e+03
3.065747222518874878e+03 1.001361478505944591e+00 1.288047937468984536e-02 3.221134895941393552e+03
3.065755599503530448e+03 9.963170819100982678e-01 1.287626257610033700e-02 3.205135435055880407e+03
3.065763976488186472e+03 9.965319178023707147e-01 1.285183607523787686e-02 3.206053736379083603e+03
3.065772353472842042e+03 9.985176313466637144e-01 1.281976844631304950e-02 3.212669826932670276e+03
3.065780730457498066e+03 9.951869495164951118e-01 1.279053881278805621e-02 3.202180431686912016e+03
3.065789107442153636e+03 9.894732139930830783e-01 1.276407465945450861e-02 3.184021100831588228e+03
3.065797484426809660e+03 1.000402965734859206e+00 1.283387004280580473e-02 3.219419956761149479e+03
3.065805861411465230e+03 1.020403885759783691e+00 1.295668983945687421e-02 3.284018000679193392e+03
3.065814238396121254e+03 1.016794603547176656e+00 1.289959093520257061e-02 3.272633860279216606e+03
3.065822615380776824e+03 9.993493337605759974e-01 1.273835052162802968e-02 3.216712699667824381e+03
3.065830992365432849e+03 9.959512256906806194e-01 1.270209321127254744e-02 3.206001890853539862e+03
3.065839369350088873e+03 1.002237975870805320e+00 1.274892790917957555e-02 3.226467638595788230e+03
3.065847746334744443e+03 1.008108659371989013e+00 1.280826523872417161e-02 3.245596729781983413e+03
3.065856123319400467e+03 1.013436167392527398e+00 1.287456158494543548e-02 3.262979625245302032e+03
3.065864500304056037e+03 1.012638142787658069e+00 1.283667870233046529e-02 3.260641059860548467e+03
3.065872877288712061e+03 1.007691104977657126e+00 1.272746940898414510e-02 3.244941582529121206e+03
3.065881254273367631e+03 1.007653543953338504e+00 1.271910643019179797e-02 3.245050342683057352e+03
3.065889631258023655e+03 1.012000694210684504e+00 1.279597830047581389e-02 3.259280621986264123e+03
3.065898008242679225e+03 1.009318723236386939e+00 1.279284098183593697e-02 3.250873076447011044e+03
3.065906385227335250e+03 1.000159547000733173e+00 1.271778691293824412e-02 3.221600668032443537e+03
3.065914762211990819e+03 9.999382090537890511e-01 1.270816635082983731e-02 3.221115673671461991e+03
3.065923139196646844e+03 1.008185372547300895e+00 1.276228282749810976e-02 3.247912217306890852e+03
3.065931516181302868e+03 1.010593979512198093e+00 1.280419093118284439e-02 3.255902031015702050e+03
3.065939893165958438e+03 1.006680402427209353e+00 1.282878637647712379e-02 3.243522874568187035e+03
3.065948270150614462e+03 1.000301840910219342e+00 1.279142697253166962e-02 3.223199195381977916e+03
3.065956647135270032e+03 9.912275285992337981e-01 1.268749284263865143e-02 3.194185673524544654e+03
3.065965024119926056e+03 9.899115005828815761e-01 1.264172383277689486e-02 3.190170501631565458e+03
3.065973401104581626e+03 9.963615632535848254e-01 1.265404203695771890e-02 3.211184144939363250e+03
3.065981778089237650e+03 9.998631054699688159e-01 1.266686777969671870e-02 3.222697239364706547e+03
3.065990155073893220e+03 1.001146794574372390e+00 1.269072142759689915e-02 3.227062976987143429e+03
3.065998532058549245e+03 1.000365482713998500e+00 1.268708397928241735e-02 3.224772574331775104e+03
3.066006909043204814e+03 9.968227706215022632e-01 1.264568220877939492e-02 3.213579551593514225e+03
3.066015286027860839e+03 9.979197651261331181e-01 1.265963667056031229e-02 3.217343561248917922e+03
3.066023663012516863e+03 1.004860184963875414e+00 1.274696151434477100e-02 3.239948900631974539e+03
3.066032039997172433e+03 1.005342931091574687e+00 1.276008255890543480e-02 3.241734594975605432e+03
3.066040416981828457e+03 9.967157926733050122e-01 1.266620857337456309e-02 3.214143552725113750e+03
3.066048793966484027e+03 9.927582305007282004e-01 1.262552006599369087e-02 3.201607784005666872e+03
3.066057170951140051e+03 9.951471092590852274e-01 1.266046066711437254e-02 3.209538689890742717e+03
3.066065547935795621e+03 1.001259066617016691e+00 1.271325287946105040e-02 3.229479170257392980e+03
3.066073924920451645e+03 1.014216302653064616e+00 1.280015280181830313e-02 3.271502883915731672e+03
3.066082301905107215e+03 1.018272551697012585e+00 1.282902345192750426e-02 3.284819041935458699e+03
3.066090678889763240e+03 1.007374720218401132e+00 1.275924358128035195e-02 3.249893659380129975e+03
3.066099055874418809e+03 1.002113003598729790e+00 1.271718038936035799e-02 3.233147274710445345e+03
3.066107432859074834e+03 1.007930366763016838e+00 1.272951849054709990e-02 3.252145784497492514e+03
3.066115809843730858e+03 1.009326469040683349e+00 1.271182858570607879e-02 3.256880484060071467e+03
3.066124186828386428e+03 1.001802075713912998e+00 1.263947673295549509e-02 3.232829256551394337e+03
3.066132563813042452e+03 9.969134837251626413e-01 1.259391408550353426e-02 3.217280966916364378e+03
3.066140940797698022e+03 9.972987334724607855e-01 1.259532594821265866e-02 3.218751613694167645e+03
3.066149317782354046e+03 9.999458920259837180e-01 1.261800947509824494e-02 3.227523194286246508e+03
3.066157694767009616e+03 1.008892371643930419e+00 1.269790529553047921e-02 3.256629722845599645e+03
3.066166071751665640e+03 1.014105842480967246e+00 1.274845495674470364e-02 3.273689604045584019e+03
3.066174448736321210e+03 1.008890179736153581e+00 1.272111149865238523e-02 3.257082637799618169e+03
3.066182825720977235e+03 1.002953997562887611e+00 1.268133393359497860e-02 3.238147017515918378e+03
3.066191202705632804e+03 9.949216374529527007e-01 1.261098964863318315e-02 3.212440472400186081e+03
3.066199579690288829e+03 9.873233592532871805e-01 1.254131831328816546e-02 3.188131944020420178e+03
3.066207956674944853e+03 9.811821354642579207e-01 1.246906641277299894e-02 3.168525207814027908e+03
3.066216333659600423e+03 9.785354663740440939e-01 1.241116696778062599e-02 3.160201411430705775e+03
3.066224710644256447e+03 9.870574459245866628e-01 1.240462701005586726e-02 3.187948346305858649e+03
3.066233087628912017e+03 9.925872025729131076e-01 1.239168548448710098e-02 3.206034353947986347e+03
3.066241464613568041e+03 9.883490571450126438e-01 1.235164938539619339e-02 3.192570551883464759e+03
3.066249841598223611e+03 9.823349195719143223e-01 1.231177344828284642e-02 3.173367593041588407e+03
3.066258218582879636e+03 9.687558991291725929e-01 1.227445491153015406e-02 3.129722316835237962e+03
3.066266595567535205e+03 9.578299308770780174e-01 1.223392038237379291e-02 3.094642567644290466e+03
3.066274972552191230e+03 9.580825264336626512e-01 1.217393111994949026e-02 3.095677088542411639e+03
3.066283349536846799e+03 9.590040974477331837e-01 1.213676081987753383e-02 3.098873415331096112e+03
3.066291726521502824e+03 9.641392632525341844e-01 1.222286891388741845e-02 3.115686702730046818e+03
3.066300103506158848e+03 9.693033882786961097e-01 1.230593789397517110e-02 3.132595921889011152e+03
3.066308480490814418e+03 9.722599975645215276e-01 1.234355082383798569e-02 3.142372740144603085e+03
3.066316857475470442e+03 9.719336671558321816e-01 1.234641180099949401e-02 3.141539600937913747e+03
3.066325234460126012e+03 9.566426619689437638e-01 1.218532015095841019e-02 3.092333223560680381e+03
3.066333611444782036e+03 9.448498478354290242e-01 1.205987260009505971e-02 3.054428522649939623e+03
3.066341988429437606e+03 9.538881705733953664e-01 1.214502131771858298e-02 3.083864283780772894e+03
3.066350365414093631e+03 9.624424841874991143e-01 1.221943446348557061e-02 3.111739282482167710e+03
3.066358742398749200e+03 9.664235313838840380e-01 1.221198317026003614e-02 3.124830995267694561e+03
3.066367119383405225e+03 9.701356184591063414e-01 1.220966213362319891e-02 3.137054806982871469e+03
3.066375496368060794e+03 9.701294373132594018e-01 1.222421305195965646e-02 3.137255978383323054e+03
3.066383873352716819e+03 9.702513437945392560e-01 1.223662612037880980e-02 3.137871392721061966e+03
3.066392250337372388e+03 9.757016560512521419e-01 1.226501888254297699e-02 3.155720572988775530e+03
3.066400627322028413e+03 9.798232019165825646e-01 1.228046201668816541e-02 3.169274294341104905e+03
3.066409004306684437e+03 9.697748305597401197e-01 1.217016975979105103e-02 3.136993544550974548e+03
3.066417381291340007e+03 9.604672812043979491e-01 1.207061914598295607e-02 3.107104767199889466e+03
3.066425758275996031e+03 9.614527016262426340e-01 1.208324341515688675e-02 3.110511776084415033e+03
3.066434135260651601e+03 9.630609866351453885e-01 1.209549821697569055e-02 3.115934480718004579e+03
3.066442512245307626e+03 9.711655648751551517e-01 1.211257064101108408e-02 3.142377823495691700e+03
3.066450889229963195e+03 9.788654022911889019e-01 1.213470743218557531e-02 3.167515158713983055e+03
3.066459266214619220e+03 9.791990263392614802e-01 1.216637705187954312e-02 3.168817960828627292e+03
3.066467643199274789e+03 9.797478721056411821e-01 1.220010193943867581e-02 3.170817450152722813e+03
3.066476020183930814e+03 9.850183666606777688e-01 1.229647778796797743e-02 3.188099224397138642e+03
3.066484397168586383e+03 9.898523522103376271e-01 1.238411348519593766e-02 3.203970502070076691e+03
3.066492774153242408e+03 9.869353770223744382e-01 1.230756536716419436e-02 3.194753778560417231e+03
3.066501151137898432e+03 9.846273306430568528e-01 1.223939419470880183e-02 3.187506993589049671e+03
3.066509528122554002e+03 9.923328162155155008e-01 1.232902600677272809e-02 3.212677970814663240e+03
3.066517905107210026e+03 9.998901934349108123e-01 1.241804710195175063e-02 3.237372926627095694e+03
3.066526282091865596e+03 9.995998854307318604e-01 1.243924667261284665e-02 3.236660865383376404e+03
3.066534659076521621e+03 9.987602938234468875e-01 1.245286586520721189e-02 3.234169990189716373e+03
3.066543036061177190e+03 9.970291519568662553e-01 1.243122922613257124e-02 3.228791524819695951e+03
3.066551413045833215e+03 9.961075905149714416e-01 1.241718706530361462e-02 3.226034209967355309e+03
3.066559790030488784e+03 1.003890313734342898e+00 1.242081481968875488e-02 3.251468506541472379e+03
3.066568167015144809e+03 1.010619133038867190e+00 1.241741374616749105e-02 3.273492655316130367e+03
3.066576543999800379e+03 1.000314927672841359e+00 1.232513741117900914e-02 3.240344382488357041e+03
3.066584920984456403e+03 9.910641191249768278e-01 1.224088430902144781e-02 3.210603945570803262e+03
3.066593297969112427e+03 9.983377798479247112e-01 1.227603887661617155e-02 3.234394938674636251e+03
3.066601674953767997e+03 1.005186072893714977e+00 1.230928448726320741e-02 3.256811053374480707e+03
3.066610051938424022e+03 1.006214794117747502e+00 1.231937720777270297e-02 3.260373503740333945e+03
3.066618428923079591e+03 1.007230736501490087e+00 1.232760952367657759e-02 3.263895013765309159e+03
3.066626805907735616e+03 1.007168887402281054e+00 1.227392768848819225e-02 3.263924196715944163e+03
3.066635182892391185e+03 1.007151918487554587e+00 1.222029862440258789e-02 3.264098804555168499e+03
3.066643559877047210e+03 1.002825024247987473e+00 1.216558783682035114e-02 3.250304298908808505e+03
3.066651936861702779e+03 9.983407749820734089e-01 1.211499782395987490e-02 3.235997773674311247e+03
3.066660313846358804e+03 1.004526125364862965e+00 1.221084577716839703e-02 3.256275819889159266e+03
3.066668690831014374e+03 1.010839315568363928e+00 1.230601908088245142e-02 3.276971121440181378e+03
3.066677067815670398e+03 1.052815962832848173e+00 1.314173897694183649e-02 3.413292363696445136e+03
3.066685444800326422e+03 1.095883248532823373e+00 1.405011946953619792e-02 3.553168908370427744e+03
3.066693821784981992e+03 1.051071500693062211e+00 1.314881842969575429e-02 3.408115935322059613e+03
3.066702198769638017e+03 1.002657878629868771e+00 1.222158125361876881e-02 3.251362575794328222e+03
3.066710575754293586e+03 1.001606296011757991e+00 1.222010564877116373e-02 3.248180897464173540e+03
3.066718952738949611e+03 1.002814611149782653e+00 1.226258259457939370e-02 3.252328039388450634e+03
3.066727329723605180e+03 1.002404204236639007e+00 1.229854990670682831e-02 3.251225524350619708e+03
3.066735706708261205e+03 1.002011760883637637e+00 1.233486430140153661e-02 3.250181089796136803e+03
3.066744083692916774e+03 1.003459306315117150e+00 1.230014889607036234e-02 3.255105185752062425e+03
3.066752460677572799e+03 1.004942022908775101e+00 1.226319494111333640e-02 3.260144040871445213e+03
3.066760837662228369e+03 9.972345831365525548e-01 1.221637895665305881e-02 3.235367584379476284e+03
3.066769214646884393e+03 9.894936178150917083e-01 1.217093345632261868e-02 3.210478837873641169e+03
3.066777591631540417e+03 9.895579836861668754e-01 1.219172514883593191e-02 3.210913265291307198e+03
3.066785968616195987e+03 9.897066205199367417e-01 1.221354279117330480e-02 3.211621183305077921e+03
3.066794345600852012e+03 9.941344787820560747e-01 1.222756107962295544e-02 3.226216318459618378e+03
3.066802722585507581e+03 9.986831294102871404e-01 1.224136834382832072e-02 3.241205501571380410e+03
3.066811099570163606e+03 1.003755374876886375e+00 1.230745100349382032e-02 3.257896194194272084e+03
3.066819476554819175e+03 1.008968086740780423e+00 1.237472827059403653e-02 3.275045144280594286e+03
3.066827853539475200e+03 1.008741741553150773e+00 1.241105103401881661e-02 3.274540403738358691e+03
3.066836230524130769e+03 1.008126290730605223e+00 1.244492342136443996e-02 3.272772370867795871e+03
3.066844607508786794e+03 1.005056039589039774e+00 1.238457829911517039e-02 3.263034255493052115e+03
3.066852984493442364e+03 1.002286735423216557e+00 1.232501903884773882e-02 3.254271869119600979e+03
3.066861361478098388e+03 1.007742211738622773e+00 1.238340569922378488e-02 3.272214700491332223e+03
3.066869738462754412e+03 1.013065915205982659e+00 1.244210393032270726e-02 3.289732112834746658e+03
3.066878115447409982e+03 1.011814218003660448e+00 1.240719645881198548e-02 3.285898134320731970e+03
3.066886492432066007e+03 1.010593706088931842e+00 1.237098078735979212e-02 3.282164867412175226e+03
3.066894869416721576e+03 1.015545787484968265e+00 1.238996362545282184e-02 3.298479547047629239e+03
3.066903246401377601e+03 1.020571208012367892e+00 1.241133267905581219e-02 3.315034705786314134e+03
3.066911623386033170e+03 1.014552222734557585e+00 1.240105235543125309e-02 3.295715033428004062e+03
3.066920000370689195e+03 1.008156046895402058e+00 1.238732777202861124e-02 3.275167248778086105e+03
3.066928377355344765e+03 1.002071587632385796e+00 1.237021147715550162e-02 3.255629283518321245e+03
3.066936754340000789e+03 9.959903097483372436e-01 1.235341449911996070e-02 3.236098880832919349e+03
3.066945131324656359e+03 1.000138596475766972e+00 1.235983749530769095e-02 3.249805190766612213e+03
3.066953508309312383e+03 1.004648971856206829e+00 1.236707899804807831e-02 3.264690029119895371e+03
3.066961885293967953e+03 1.005759807640347780e+00 1.238939235448983066e-02 3.268529063497628158e+03
3.066970262278623977e+03 1.006868165671241933e+00 1.241241514575525638e-02 3.272360551552349534e+03
3.066978639263280002e+03 1.007232164842121414e+00 1.238682681646647958e-02 3.273773180121345831e+03
3.066987016247935571e+03 1.007278919085936142e+00 1.235986187846442076e-02 3.274154771702065773e+03
3.066995393232591596e+03 9.973959974682391483e-01 1.229818196188294660e-02 3.242257762346145682e+03
3.067003770217247165e+03 9.873847411213138026e-01 1.223485264711040958e-02 3.209939037133824968e+03
3.067012147201903190e+03 9.906536806483855484e-01 1.218313720333472940e-02 3.220792035907118589e+03
3.067020524186558760e+03 9.945429428456834531e-01 1.213630905647432139e-02 3.233663446308461971e+03
3.067028901171214784e+03 1.002006898469768537e+00 1.221534976187448052e-02 3.258160226535050697e+03
3.067037278155870354e+03 1.009089917768830613e+00 1.229158699580220476e-02 3.281421657306294946e+03
3.067045655140526378e+03 1.001330078581574634e+00 1.218540204994298867e-02 3.256415998959142144e+03
3.067054032125181948e+03 9.940131496744639694e-01 1.208446715907339139e-02 3.232847287882522778e+03
3.067062409109837972e+03 9.945640073843906581e-01 1.213422044919849202e-02 3.234865581785162249e+03
3.067070786094493997e+03 9.950145236689827977e-01 1.218195063934441810e-02 3.236557738827741559e+03
3.067079163079149566e+03 9.998450588533195349e-01 1.215560939619753089e-02 3.252498312993871878e+03
3.067087540063805591e+03 1.004799096788107970e+00 1.213240167961943637e-02 3.268842872469858776e+03
3.067095917048461160e+03 1.007357430688836653e+00 1.217082384221580479e-02 3.277395367563352011e+03
3.067104294033117185e+03 1.009551263860382742e+00 1.220344608512359715e-02 3.284763058087868558e+03
3.067112671017772755e+03 1.003548943961404927e+00 1.207084446615657239e-02 3.265462169912445461e+03
3.067121048002428779e+03 9.977166482719992402e-01 1.194616407446332310e-02 3.246711828009705187e+03
3.067129424987084349e+03 9.868996114857340185e-01 1.197763645070360101e-02 3.211736634328791297e+03
3.067137801971740373e+03 9.766981799254783603e-01 1.201030492349591632e-02 3.178760056370400889e+03
3.067146178956395943e+03 9.954849956371535358e-01 1.209755421937464687e-02 3.240130530568623726e+03
3.067154555941051967e+03 1.014561177273592074e+00 1.218549478327695529e-02 3.302451472095736790e+03
3.072151563910770165e+03 9.889240218698314155e-01 1.093288702083813034e-02 3.415230690323647650e+03
3.072159379031368644e+03 9.849427364829846931e-01 1.084037899430011914e-02 3.403584922584802371e+03
3.072167194151967124e+03 9.812697937305474571e-01 1.075187464290211156e-02 3.393039632636865917e+03
3.072175009272565603e+03 9.871325306304049585e-01 1.077849532858971698e-02 3.415521329858100216e+03
3.072182824393164083e+03 9.929768149338319416e-01 1.080566511008725430e-02 3.438013399079919509e+03
3.072190639513762562e+03 9.961627288811265579e-01 1.088430221236950587e-02 3.451368170648487649e+03
3.072198454634361042e+03 9.995555254804424639e-01 1.096713280871390063e-02 3.465499468574314960e+03
3.072206269754959521e+03 1.002129993540224140e+00 1.097572127936144622e-02 3.476850316931288035e+03
3.072214084875558001e+03 1.004653714639935913e+00 1.097933798528916670e-02 3.488078109759075232e+03
3.072221899996156480e+03 1.005648733304920439e+00 1.094197320271726379e-02 3.494045759590758280e+03
3.072229715116754960e+03 1.006157298574584136e+00 1.089889633027476580e-02 3.498363796455195370e+03
3.072237530237353440e+03 1.007268340282431174e+00 1.090326902399281137e-02 3.504815554810073536e+03
3.072245345357951919e+03 1.008583123712240237e+00 1.091392498432030601e-02 3.512015364370893167e+03
3.072253160478550399e+03 9.999413929690228464e-01 1.087532615834933131e-02 3.484556892172625794e+03
3.072260975599148878e+03 9.895960751547875356e-01 1.083004711160674531e-02 3.451140205985584998e+03
3.072268790719747358e+03 9.892781345940394599e-01 1.080811390990688708e-02 3.452691264205340303e+03
3.072276605840345837e+03 9.914297344587175154e-01 1.079175876689820145e-02 3.462890753891699205e+03
3.072284420960944317e+03 9.958721035387598786e-01 1.084287095386544421e-02 3.481132071703911606e+03
3.072292236081542796e+03 1.000411625329805210e+00 1.090595543277140568e-02 3.499758383258913909e+03
3.072300051202141276e+03 1.001254979675904488e+00 1.091920951483952781e-02 3.505488026450864709e+03
3.072307866322739756e+03 1.001041608975685282e+00 1.092004398755404282e-02 3.507536612155631701e+03
3.072315681443338235e+03 9.966646302954725867e-01 1.090169871354325186e-02 3.494998419447923879e+03
3.072323496563936715e+03 9.917471370115382712e-01 1.088244972049230014e-02 3.480551539739613872e+03
3.072331311684535194e+03 9.907937512192659391e-01 1.085700159350087672e-02 3.480011061873504786e+03
3.072339126805133674e+03 9.905138304821525796e-01 1.082438099672837668e-02 3.481841448272485650e+03
3.072346941925732153e+03 9.905694930359691952e-01 1.085217169691435161e-02 3.484857800694380785e+03
3.072354757046330633e+03 9.906172795512208085e-01 1.090305383939888656e-02 3.487851755509932445e+03
3.072362572166929112e+03 9.935491146738689716e-01 1.092528669695529663e-02 3.501011695755937581e+03
3.072370387287527592e+03 9.981312707799800954e-01 1.093961661935841621e-02 3.520009526500953598e+03
3.072378202408126072e+03 9.967803198606104420e-01 1.092743243398969395e-02 3.518092057154884969e+03
3.072386017528724551e+03 9.925289753721467934e-01 1.090251016395119010e-02 3.505918990251425384e+03
3.072393832649323031e+03 9.943506218356060744e-01 1.093698157109138092e-02 3.515185922914366984e+03
3.072401647769921510e+03 9.995077788211865766e-01 1.100386535279432136e-02 3.536257548791411864e+03
3.072409462890519990e+03 1.004106341886077836e+00 1.101407116223565227e-02 3.555371845686999222e+03
3.072417278011118469e+03 1.008132003044526215e+00 1.098589145619036263e-02 3.572471259656740585e+03
3.072425093131716949e+03 1.007404409574621740e+00 1.097999503164743748e-02 3.572723350571785886e+03
3.072432908252315428e+03 1.004194901790158356e+00 1.099266681765415435e-02 3.564147684663284508e+03
3.072440723372913908e+03 1.000034191874470402e+00 1.097889602233846976e-02 3.552158773672596908e+03
3.072448538493512388e+03 9.943558712056930204e-01 1.094171773545140822e-02 3.534733470461232173e+03
3.072456353614110867e+03 9.892869137275418501e-01 1.091016125313368050e-02 3.519424370821391676e+03
3.072464168734709347e+03 9.855922671942859425e-01 1.088842604686384753e-02 3.508958264519877048e+03
3.072471983855307826e+03 9.929219849501947914e-01 1.094617210613964275e-02 3.537727285133150872e+03
3.072479798975906306e+03 1.009103379324914229e+00 1.106710548039277660e-02 3.598070990850595081e+03
3.072487614096504785e+03 1.017724498439521508e+00 1.112656148052271893e-02 3.631494921053127655e+03
3.072495429217103265e+03 1.018970091553590196e+00 1.112670014316342534e-02 3.638596226622553786e+03
3.072503244337701744e+03 1.015629867379694184e+00 1.108103036827593271e-02 3.629283944864270779e+03
3.072511059458300224e+03 1.007725559064720944e+00 1.098947543136487293e-02 3.603598709348751981e+03
3.072518874578898703e+03 1.003088260089323391e+00 1.097045291201498816e-02 3.589527973286858469e+03
3.072526689699497183e+03 1.002061890679520895e+00 1.103447140562030006e-02 3.588326374165731067e+03
3.072534504820095663e+03 1.001642261028351744e+00 1.105504939265517482e-02 3.589253648021076515e+03
3.072542319940694142e+03 1.002531163456615415e+00 1.102759989098856495e-02 3.594828743507498530e+03
3.072550135061292622e+03 1.003137841237579320e+00 1.100675862795319829e-02 3.599351146993642033e+03
3.072557950181891101e+03 1.002410732714267061e+00 1.099041984368989526e-02 3.599041310542585052e+03
3.072565765302489581e+03 9.965934184955650421e-01 1.095885153637725200e-02 3.580392758791826509e+03
3.072573580423088060e+03 9.840185115119004511e-01 1.090706145586669944e-02 3.537376133057173320e+03
3.072581395543686540e+03 9.777831317802649913e-01 1.087821434596868662e-02 3.517056865843569994e+03
3.072589210664285019e+03 9.821380921107986106e-01 1.088962052224198840e-02 3.534773700687230303e+03
3.072597025784883499e+03 9.813129239411900739e-01 1.086878886884742879e-02 3.533799426631541792e+03
3.072604840905481979e+03 9.710514222201113155e-01 1.079095393193895899e-02 3.498765260301097442e+03
3.072612656026080458e+03 9.651693012185752485e-01 1.074907393607765944e-02 3.479420622928529610e+03
3.072620471146678938e+03 9.667059930329510165e-01 1.076627104198966262e-02 3.486752585850210380e+03
3.072628286267277417e+03 9.697104447599000920e-01 1.078038236503715830e-02 3.499325065073746373e+03
3.072636101387875897e+03 9.759744639635390406e-01 1.079246923106971789e-02 3.523612509068221698e+03
3.072643916508474376e+03 9.821750987930069066e-01 1.082507750769501516e-02 3.547626069836987426e+03
3.072651731629072856e+03 9.878252952895694161e-01 1.089182646971121118e-02 3.569602210851017844e+03
3.072659546749671335e+03 9.909218871629836833e-01 1.094025687519839529e-02 3.582293505837924386e+03
3.072667361870269815e+03 9.880408822576398631e-01 1.094814904019675815e-02 3.573302679432558307e+03
3.072675176990868295e+03 9.868431389547100974e-01 1.095642810315421156e-02 3.570318958334427862e+03
3.072682992111466774e+03 9.907510294824815045e-01 1.097010168690084296e-02 3.585733845408703473e+03
3.072690807232065254e+03 9.926089060660387986e-01 1.097693378440971722e-02 3.593657771555925137e+03
3.072698622352663733e+03 9.878556372107729633e-01 1.095513843190415622e-02 3.577562568252037636e+03
3.072706437473262213e+03 9.855628092327728407e-01 1.094590942284648372e-02 3.570287735416192845e+03
3.072714252593860692e+03 9.922395436807565083e-01 1.098931853092435795e-02 3.595425714246894131e+03
3.072722067714459172e+03 9.980514198383015900e-01 1.102660263472131710e-02 3.617354556132295784e+03
3.072729882835057651e+03 9.996611909583601463e-01 1.102932619595424837e-02 3.623970321284626152e+03
3.072737697955656131e+03 1.000566367732408368e+00 1.104272978841784776e-02 3.627942348272851632e+03
3.072745513076254610e+03 1.000468416374948211e+00 1.110462847643141869e-02 3.628184332419192287e+03
3.072753328196853090e+03 9.995718365618001533e-01 1.114316582846458514e-02 3.625435466836855994e+03
3.072761143317451570e+03 9.955567902733514218e-01 1.109734036284484339e-02 3.611283307231065010e+03
3.072768958438050049e+03 9.914726634049723097e-01 1.106014524555212590e-02 3.596791805235586708e+03
3.072776773558648529e+03 9.864281384272638453e-01 1.105586531810864685e-02 3.578732648200979838e+03
3.072784588679247008e+03 9.815598222852708332e-01 1.104408910861206725e-02 3.561234478726750240e+03
3.072792403799845488e+03 9.782151745816928257e-01 1.100432454463279135e-02 3.549191737385572196e+03
3.072800218920443967e+03 9.755688566352093138e-01 1.096620330513596239e-02 3.539615369172435749e+03
3.072808034041042447e+03 9.744848868875740644e-01 1.092886394260833734e-02 3.535645132646163347e+03
3.072815849161640926e+03 9.734258355147320518e-01 1.090160853086561722e-02 3.531707392673924915e+03
3.072823664282239406e+03 9.735582562427623765e-01 1.092333849412913463e-02 3.532038858910610543e+03
3.072831479402837886e+03 9.731853993579008266e-01 1.092943704770062315e-02 3.530487871709143292e+03
3.072839294523436365e+03 9.686425641168221468e-01 1.085340710624126299e-02 3.513765346964788932e+03
3.072847109644034845e+03 9.648224596220152938e-01 1.079377877847252816e-02 3.499626242570854629e+03
3.072854924764633324e+03 9.685276412324704820e-01 1.084678263995862008e-02 3.512746810691063729e+03
3.072862739885231804e+03 9.709294262717594881e-01 1.088167844620342196e-02 3.521106045712321247e+03
3.072870555005830283e+03 9.654129247511286094e-01 1.082000741425864429e-02 3.500722911741103417e+03
3.072878370126428763e+03 9.606972586830625493e-01 1.076960120083879889e-02 3.483224526794366284e+03
3.072886185247027242e+03 9.567866565596949702e-01 1.075379654773970205e-02 3.468629802963918792e+03
3.072894000367625722e+03 9.510009606693232698e-01 1.072303577601478250e-02 3.447227001152292360e+03
3.072901815488224202e+03 9.324888523949893537e-01 1.059159430735191060e-02 3.379693796317248598e+03
3.072909630608822681e+03 9.146936992158557489e-01 1.046008070681040542e-02 3.314769967202883436e+03
3.072917445729421161e+03 9.043883099259514280e-01 1.033133622678882556e-02 3.276999715979909524e+03
3.072925260850019640e+03 8.952217937325489538e-01 1.021448775818795292e-02 3.243367425809703491e+03
3.072933075970618120e+03 8.967259372481554136e-01 1.021057533995477391e-02 3.248404417908932828e+03
3.072940891091216599e+03 8.981685503371296120e-01 1.020683122228040890e-02 3.253227304802051549e+03
3.072948706211815079e+03 9.013559709868991243e-01 1.022439119825950191e-02 3.264382099252841272e+03
3.072956521332413558e+03 9.044444394610924309e-01 1.024126105908256500e-02 3.275194036592635712e+03
3.072964336453012038e+03 9.048504626764415359e-01 1.024994448998673910e-02 3.276313046862417650e+03
3.072972151573610518e+03 9.054721496133506520e-01 1.026241541160998264e-02 3.278238811872693532e+03
3.072979966694208997e+03 9.152932666355515501e-01 1.035704825107697583e-02 3.313497738122225655e+03
3.072987781814807477e+03 9.242778360841956697e-01 1.044242786962539318e-02 3.345757116620326542e+03
3.072995596935405956e+03 9.099372838020438614e-01 1.035161774736542001e-02 3.293622835832077726e+03
3.073003412056004436e+03 8.962081640771636382e-01 1.026648875615566656e-02 3.243750481289145682e+03
3.073011227176602915e+03 9.010942422599189650e-01 1.028009265553493125e-02 3.261302138624845156e+03
3.073019042297201395e+03 9.055969795936964495e-01 1.029030455401554883e-02 3.277515339154681897e+03
3.073026857417799874e+03 8.947795425239554179e-01 1.018743137574949602e-02 3.238336411235762625e+03
3.073034672538398354e+03 8.842578871075589264e-01 1.008694395771751219e-02 3.200285635620743960e+03
3.073042487658996833e+03 8.853825938651896932e-01 1.008998084032669378e-02 3.204445785150994197e+03
3.073050302779595313e+03 8.862472239429201037e-01 1.009319866952038125e-02 3.207729816920966641e+03
3.073058117900193793e+03 8.884877038340177613e-01 1.014582093313584794e-02 3.216063284419269166e+03
3.073065933020792272e+03 8.909432293803273284e-01 1.020018445438346591e-02 3.225249546442390510e+03
3.073073748141390752e+03 8.954939046248612255e-01 1.024813700701782994e-02 3.242100224661792709e+03
3.073081563261989231e+03 9.000343931753287396e-01 1.029502447074134158e-02 3.258999778817373226e+03
3.073089378382587711e+03 9.194111557240660648e-01 1.045738130512266842e-02 3.329721085692097859e+03
3.073097193503186190e+03 9.393602607127583548e-01 1.062394932803288616e-02 3.402632899008376626e+03
3.073105008623784670e+03 9.532317924373114870e-01 1.071520125638301783e-02 3.453653358962581478e+03
3.073112823744383149e+03 9.664126061634701337e-01 1.080117353015696245e-02 3.502298332900234527e+03
3.073120638864981629e+03 9.758393572882083644e-01 1.088839450345364425e-02 3.537469761954544083e+03
3.073128453985580109e+03 9.853100998294878066e-01 1.097591512102678683e-02 3.572936074254847426e+03
3.073136269106178588e+03 9.887787719877667580e-01 1.100154406886264154e-02 3.586773213866765218e+03
3.073144084226777068e+03 9.922565020980447237e-01 1.102766949734042788e-02 3.600777541688547899e+03
3.073151899347375547e+03 9.967507536828849046e-01 1.106297272657229269e-02 3.618612329989894533e+03
3.073159714467974027e+03 1.000944396239140444e+00 1.109560149332157811e-02 3.635504535084858162e+03
3.073167529588572506e+03 9.985609127935372031e-01 1.108488982170948919e-02 3.628649311483439305e+03
3.073175344709170986e+03 9.954648141019936114e-01 1.106984309120748015e-02 3.619325557485889021e+03
3.073183159829769465e+03 1.000550361126000487e+00 1.108157741920576082e-02 3.639873025707924171e+03
3.073190974950367945e+03 1.006517358796175765e+00 1.109730757172084671e-02 3.663759722227181101e+03
3.073198790070966425e+03 1.000587999004278306e+00 1.106807013659070679e-02 3.644441400549213995e+03
3.073206605191564904e+03 9.940503183676165921e-01 1.103612193973342419e-02 3.622965501873300582e+03
3.073214420312163384e+03 9.997706709906086786e-01 1.106528301426306336e-02 3.646239579969904298e+03
3.073222235432761863e+03 1.005638307826201006e+00 1.109590638536526487e-02 3.670143793596331307e+03
3.073230050553360343e+03 1.000484010209498731e+00 1.103608485716606191e-02 3.653877860195226276e+03
3.073237865673958822e+03 9.946866796731437255e-01 1.097004580315585030e-02 3.635277578694776366e+03
3.073245680794557302e+03 1.000870612303183194e+00 1.098058038555078941e-02 3.660497191077337447e+03
3.073253495915155781e+03 1.008142401086398188e+00 1.099805980606972933e-02 3.689750628188204246e+03
3.073261311035754261e+03 1.003687293368757283e+00 1.098349400509439876e-02 3.676100320210328391e+03
3.073269126156352741e+03 9.978812108849509643e-01 1.096335096334533597e-02 3.657472277136735556e+03
3.073276941276951220e+03 1.001164573701308180e+00 1.095702511700659409e-02 3.672138840036432612e+03
3.073284756397549700e+03 1.005662581175750470e+00 1.095629030234789719e-02 3.691256013101029566e+03
3.073292571518148179e+03 1.003117652032021967e+00 1.095565777696499987e-02 3.684491226901816844e+03
3.073300386638746659e+03 9.997899730469125279e-01 1.095261189734312093e-02 3.674789091694370654e+03
3.073308201759345138e+03 1.006984302487087257e+00 1.093933713448605113e-02 3.703712205702468054e+03
3.073316016879943618e+03 1.014949021170499677e+00 1.092491363600622475e-02 3.735435575959932976e+03
3.073323832000542097e+03 1.007338130672003729e+00 1.088458612709994333e-02 3.709753747410673896e+03
3.073331647121140577e+03 9.986899213121679386e-01 1.084440326089081835e-02 3.680122388066624808e+03
3.073339462241739056e+03 9.933737097746948574e-01 1.080749501314166340e-02 3.662635889052224229e+03
3.073347277362337536e+03 9.884789472956543310e-01 1.077244644041357689e-02 3.646568765671351684e+03
3.073355092482936016e+03 9.924996991098662402e-01 1.082716233747049207e-02 3.663265394355360968e+03
3.073362907603534495e+03 9.966672872400180738e-01 1.088482475592490208e-02 3.680383248821668985e+03
3.073370722724132975e+03 9.930579319645250758e-01 1.082046750931326892e-02 3.668637518265469225e+03
3.073378537844731454e+03 9.893470246044874239e-01 1.075114902563040556e-02 3.656347740153464656e+03
3.073386352965329934e+03 9.882405486352962010e-01 1.077245435294393004e-02 3.653508211419378767e+03
3.073394168085928413e+03 9.873493670988989779e-01 1.080075473620238299e-02 3.651283134704319309e+03
3.073401983206526893e+03 9.913293974638743844e-01 1.081745089481833330e-02 3.666884710375435134e+03
3.073409798327125372e+03 9.959492638242835039e-01 1.083527275588932158e-02 3.684657901836842029e+03
3.073417613447723852e+03 9.983970836154701933e-01 1.086955299459237134e-02 3.694185728614326763e+03
3.073425428568322332e+03 1.000281400150691891e+00 1.090403546383935003e-02 3.701407508963096006e+03
3.073433243688920811e+03 1.003272095568369826e+00 1.095924030863347498e-02 3.712508609779855760e+03
3.073441058809519291e+03 1.006391984576689991e+00 1.101639987887087328e-02 3.723884754805175362e+03
3.073448873930117770e+03 1.002214595750311021e+00 1.094173540100614773e-02 3.708070349430608076e+03
3.073456689050716250e+03 9.974913812855545903e-01 1.085608188327061990e-02 3.690064646429987988e+03
3.073464504171314729e+03 9.889735753836517151e-01 1.080687424359347802e-02 3.657868108741627111e+03
3.073472319291913209e+03 9.802814123259001589e-01 1.076019899470964138e-02 3.624892662385699623e+03
3.073480134412511688e+03 9.915528577454525427e-01 1.084317445642611795e-02 3.665602143835573770e+03
3.073487949533110168e+03 1.003968326809506983e+00 1.093294531481086088e-02 3.710394845370732583e+03
3.073495764653708648e+03 1.001760375380208901e+00 1.091173873338100592e-02 3.701022800906574503e+03
3.073503579774307127e+03 9.988320562019070703e-01 1.088882628696615472e-02 3.688899812695305627e+03
3.073511394894905607e+03 1.001396515829726441e+00 1.090950909222029343e-02 3.696980590667331853e+03
3.073519210015504086e+03 1.004424772389071574e+00 1.093036669071257259e-02 3.706696217489955870e+03
3.073527025136102566e+03 1.002552777154477326e+00 1.094699954883847186e-02 3.698270211269896208e+03
3.073534840256701045e+03 1.000048390487565664e+00 1.096298970111014154e-02 3.687475213258452186e+03
3.073542655377299525e+03 9.929068725738928736e-01 1.091859179768224497e-02 3.659567405880592560e+03
3.073550470497898004e+03 9.856418391501716725e-01 1.087200186560129817e-02 3.631211147009847991e+03
3.073558285618496484e+03 9.957130903148830869e-01 1.094940678682211795e-02 3.666716118364754038e+03
3.073566100739094964e+03 1.006982562699038963e+00 1.103471505498818638e-02 3.706609578739654353e+03
3.073573915859693443e+03 1.001626972666906923e+00 1.101726396941111324e-02 3.685321815351418081e+03
3.073581730980291923e+03 9.947952315612739183e-01 1.098993894625353157e-02 3.658658509494970986e+03
3.073589546100890402e+03 9.938318858004184797e-01 1.096502783355707972e-02 3.653639657741438896e+03
3.073597361221488882e+03 9.938741824247007139e-01 1.094538015002306450e-02 3.652382114495594124e+03
3.073605176342087361e+03 9.995501105363042704e-01 1.098331707494047856e-02 3.671895934757046234e+03
3.073612991462685841e+03 1.004953046538025641e+00 1.102113269652483726e-02 3.690482237232362422e+03
3.073620806583284320e+03 1.004115749703748284e+00 1.103753689858552253e-02 3.686250318782962495e+03
3.073628621703882800e+03 1.003163013127727599e+00 1.105408241486892026e-02 3.681713347454766335e+03
3.073636436824481279e+03 9.990292158325658756e-01 1.099320177084187056e-02 3.665636266828562839e+03
3.073644251945079759e+03 9.946726605635709539e-01 1.092770785174471473e-02 3.648891611749745607e+03
3.073652067065678239e+03 1.002454672644701228e+00 1.099210170312940778e-02 3.676830358331738353e+03
3.073659882186276718e+03 1.010382749510245315e+00 1.105884321441527769e-02 3.705466413185591591e+03
3.073667697306875198e+03 1.015699769284183152e+00 1.108454936698321548e-02 3.724706384343218360e+03
3.073675512427473677e+03 1.021298979282121655e+00 1.111005861191202183e-02 3.745178442127232302e+03
3.073683327548072157e+03 1.006893946035156917e+00 1.100987167670008926e-02 3.692504573159525535e+03
3.073691142668670636e+03 9.914196359467286612e-01 1.090340384279746104e-02 3.636125451792187050e+03
3.073698957789269116e+03 9.971922992243806849e-01 1.094680068867581735e-02 3.657903007029646687e+03
3.073706772909867595e+03 1.003462452030116747e+00 1.099361818589729943e-02 3.681762550101207125e+03
3.073714588030466075e+03 1.012269505457551677e+00 1.102538927715039467e-02 3.715208437729062098e+03
3.073722403151064555e+03 1.021135873765320445e+00 1.105666647791971220e-02 3.749173051390130240e+03
3.073730218271663034e+03 1.016674198695798115e+00 1.106227309189506368e-02 3.734502458981708514e+03
3.073738033392261514e+03 1.011771502565210756e+00 1.106694094922970432e-02 3.718501641837389798e+03
3.073745848512859993e+03 1.007702627018068009e+00 1.107907947501707638e-02 3.705865157869030554e+03
3.073753663633458473e+03 1.003722045425795129e+00 1.108911464600385866e-02 3.693864569866545480e+03
3.073761478754056952e+03 1.005690349724457811e+00 1.109911508658393241e-02 3.704095272368805581e+03
3.073769293874655432e+03 1.007603068770202226e+00 1.110910444502019069e-02 3.714490475977129790e+03
3.073777108995253911e+03 9.947818054151028599e-01 1.102998021263422446e-02 3.670899482372621605e+03
3.073784924115852391e+03 9.814815622655644889e-01 1.094721410666700361e-02 3.625818961234304879e+03
3.228338788638603091e+03 9.963282015221102128e-01 7.471667742493820312e-03 6.319726957807239160e+03
3.228348197064909073e+03 1.000441903495503881e+00 7.501248168571216304e-03 6.345590449363056905e+03
3.228357605491215054e+03 1.004542400716575967e+00 7.530917063385320250e-03 6.371453940918876469e+03
3.228367013917521035e+03 9.993026578786177172e-01 7.509457775764328408e-03 6.338157300706856404e+03
3.228376422343827016e+03 9.937300404227907835e-01 7.486619443647279416e-03 6.302827453234446693e+03
3.228385830770132998e+03 9.951754157488996722e-01 7.499788686095030035e-03 6.312083674402432734e+03
3.228395239196438979e+03 9.971139301858338300e-01 7.515622837979696498e-03 6.324538336030498613e+03
3.228404647622744960e+03 9.967108204706522923e-01 7.501024474372540614e-03 6.322207297603345978e+03
3.228414056049050942e+03 9.960804186843927877e-01 7.483025532926321916e-03 6.318497195015936086e+03
3.228423464475356923e+03 9.987096164756430472e-01 7.497317704369567751e-03 6.335523872707982264e+03
3.228432872901663359e+03 1.001694833577971622e+00 7.515310246932731079e-03 6.354866866672356082e+03
3.228442281327969340e+03 1.003318467262648506e+00 7.503654228030492285e-03 6.365625952207606133e+03
3.228451689754275321e+03 1.004872864837175417e+00 7.488456542567812832e-03 6.375995861777499158e+03
3.228461098180581303e+03 1.002833660644574465e+00 7.476138944562735547e-03 6.363608697099405617e+03
3.228470506606887284e+03 1.000039053851762283e+00 7.463939318850881625e-03 6.346466411169254570e+03
3.228479915033193265e+03 1.001559692966758952e+00 7.458882025631293974e-03 6.356746279498145668e+03
3.228489323459499246e+03 1.004173339701595058e+00 7.455886205606902274e-03 6.373999710334072915e+03
3.228498731885805228e+03 1.003009076017131962e+00 7.447099390835132046e-03 6.367303855801944337e+03
3.228508140312111209e+03 1.000392113169892516e+00 7.434451421248199424e-03 6.351409668781820073e+03
3.228517548738417190e+03 9.991587627437533703e-01 7.400905489466896858e-03 6.344319758320487381e+03
3.228526957164723171e+03 9.987172851724230860e-01 7.362793013466236228e-03 6.342275639551093263e+03
3.228536365591029153e+03 9.980401130005549515e-01 7.343801206166010974e-03 6.338749128895215108e+03
3.228545774017335134e+03 9.971259342792753166e-01 7.330825080525555856e-03 6.333727639723309949e+03
3.228555182443641115e+03 9.952958083736508366e-01 7.328515126687838027e-03 6.322893751692618025e+03
3.228564590869947097e+03 9.931817721810624056e-01 7.331237312062739361e-03 6.310257275888081494e+03
3.228573999296253078e+03 9.951357821994261110e-01 7.323453420188734235e-03 6.323467826459809658e+03
3.228583407722559059e+03 9.989751290991124577e-01 7.311321583931404064e-03 6.348659978775200216e+03
3.228592816148865040e+03 1.001664438650428091e+00 7.318537255321601494e-03 6.366541773096622819e+03
3.228602224575171476e+03 1.003730056373783208e+00 7.334519748337847700e-03 6.380452576504355420e+03
3.228611633001477458e+03 1.001303000165741253e+00 7.323726400550746238e-03 6.365790084762491460e+03
3.228621041427783439e+03 9.963573175488018574e-01 7.298853483619427603e-03 6.335091924869233480e+03
3.228630449854089420e+03 9.950730223606029101e-01 7.286687515061602768e-03 6.327647649719916444e+03
3.228639858280395401e+03 9.958772014996750688e-01 7.281146552675307054e-03 6.333458411813386192e+03
3.228649266706701383e+03 9.973784391876719946e-01 7.277685860365100227e-03 6.343674965301556767e+03
3.228658675133007364e+03 9.996906303314672115e-01 7.277154679205244218e-03 6.359019383832224776e+03
3.228668083559313345e+03 1.002444874987665102e+00 7.285024375572956602e-03 6.377142508951394120e+03
3.228677491985619326e+03 1.005249473514255421e+00 7.297297195591793961e-03 6.395549081059820310e+03
3.228686900411925308e+03 1.005109785269317157e+00 7.292088486678257112e-03 6.395181225701705443e+03
3.228696308838231289e+03 1.003014914682800240e+00 7.276551868041450377e-03 6.382324502019409920e+03
3.228705717264537270e+03 9.990961610326857256e-01 7.248699407889887605e-03 6.357808296289833379e+03
3.228715125690843252e+03 9.931461639839029854e-01 7.206775296633582614e-03 6.320307626558935226e+03
3.228724534117149233e+03 9.926514059824090852e-01 7.199109820406834892e-03 6.317463323435970779e+03
3.228733942543455214e+03 9.974638628011108787e-01 7.224457483045135242e-03 6.348334718257052373e+03
3.228743350969761195e+03 9.985704723084894985e-01 7.231260450118965309e-03 6.355556066655241011e+03
3.228752759396067177e+03 9.959076846269359073e-01 7.219208660412123821e-03 6.338717014760819438e+03
3.228762167822373158e+03 9.937055476288536582e-01 7.203218884342755222e-03 6.324736644939597682e+03
3.228771576248679594e+03 9.919052085420452247e-01 7.182261720098152662e-03 6.313237251703296351e+03
3.228780984674985575e+03 9.901977715711892669e-01 7.160176423180807104e-03 6.302249541655175562e+03
3.228790393101291556e+03 9.886917649588511381e-01 7.139021918414755440e-03 6.292460971634334783e+03
3.228799801527597538e+03 9.865825588878465169e-01 7.122274197473536274e-03 6.278747384786141993e+03
3.228809209953903519e+03 9.835273766864019995e-01 7.108370076319783966e-03 6.258924897741420864e+03
3.228818618380209500e+03 9.816385967469355434e-01 7.101910789115171985e-03 6.246433472700693528e+03
3.228828026806515481e+03 9.812195581294876900e-01 7.105927443425258047e-03 6.243198407130032138e+03
3.228837435232821463e+03 9.817837634354708021e-01 7.110947784369224360e-03 6.246118549606938359e+03
3.228846843659127444e+03 9.842935203038768455e-01 7.120120143428714833e-03 6.261309543576502620e+03
3.228856252085433425e+03 9.874230160170420767e-01 7.134621238269745792e-03 6.280329745455111151e+03
3.228865660511739407e+03 9.911445615789281627e-01 7.154508482579012736e-03 6.302996716785335593e+03
3.228875068938045388e+03 9.919155753158025446e-01 7.152215171443784478e-03 6.306779344811763622e+03
3.228884477364351369e+03 9.877101832373790247e-01 7.113706559382497810e-03 6.278805369289140799e+03
3.228893885790657350e+03 9.873785055906817432e-01 7.098512348067610722e-03 6.275338814043634557e+03
3.228903294216963332e+03 9.941446755544288694e-01 7.125519355397393235e-03 6.316846475970396568e+03
3.228912702643269313e+03 9.986609478901661285e-01 7.140127102798932146e-03 6.343909248695181304e+03
3.228922111069575294e+03 9.993069236769305252e-01 7.134677132045253931e-03 6.346242120788423563e+03
3.228931519495881275e+03 9.996757578700973257e-01 7.131345323541382793e-03 6.346673710546856455e+03
3.228940927922187257e+03 9.993880302752617961e-01 7.128872508228498855e-03 6.342800156841917669e+03
3.228950336348493693e+03 9.986995522317767549e-01 7.125525045482203682e-03 6.336289242903907507e+03
3.228959744774799674e+03 9.966712774722548129e-01 7.119942220689141205e-03 6.321242356373311850e+03
3.228969153201105655e+03 9.959932360455249212e-01 7.113697893871288175e-03 6.314777974828532024e+03
3.228978561627411636e+03 9.988503964165602600e-01 7.109115557698842888e-03 6.330790111905742378e+03
3.228987970053717618e+03 1.000877648269548281e+00 7.107526127829345494e-03 6.341654085148109516e+03
3.228997378480023599e+03 1.000449358383639797e+00 7.110431357984510481e-03 6.337123142912648291e+03
3.229006786906329580e+03 9.994828069376778812e-01 7.108385323687165663e-03 6.329357436708670321e+03
3.229016195332635561e+03 9.973374410738110596e-01 7.094995933924925884e-03 6.314299536111600901e+03
3.229025603758941543e+03 9.950893914628894388e-01 7.076335388038795977e-03 6.298761189861013918e+03
3.229035012185247524e+03 9.916781682281673449e-01 7.037419465870187532e-03 6.276026058448518597e+03
3.229044420611553505e+03 9.889500582309410648e-01 7.009633653545970303e-03 6.257775168421154376e+03
3.229053829037859487e+03 9.898912412039055919e-01 7.025244380366906308e-03 6.262894217825221858e+03
3.229063237464165468e+03 9.906895071422175958e-01 7.035947729273883330e-03 6.267253577348903491e+03
3.229072645890471449e+03 9.901852229583248954e-01 7.025977657400487436e-03 6.263514407631666472e+03
3.229082054316777430e+03 9.886995996907457229e-01 7.012222248806107908e-03 6.253706271801473122e+03
3.229091462743083412e+03 9.835769254851707277e-01 6.985487268484353966e-03 6.221028556775094330e+03
3.229100871169389393e+03 9.782185156426116412e-01 6.957906678935384288e-03 6.186990680222743322e+03
3.229110279595695374e+03 9.725174119175283849e-01 6.930905208849431030e-03 6.150910124103214002e+03
3.229119688022001810e+03 9.660038958189985925e-01 6.894846597473761052e-03 6.109809843139801160e+03
3.229129096448307791e+03 9.565028920964927517e-01 6.822298022068067937e-03 6.049925767294069374e+03
3.229138504874613773e+03 9.480843865398682624e-01 6.758930158234406280e-03 5.996992855079981382e+03
3.229147913300919754e+03 9.443993001702766232e-01 6.737152174777931435e-03 5.974100464747425576e+03
3.229157321727225735e+03 9.414772640361799283e-01 6.720930707534491892e-03 5.956131710656800351e+03
3.229166730153531716e+03 9.428360624078810925e-01 6.735342769215523807e-03 5.965340098895539995e+03
3.229176138579837698e+03 9.453251577024824881e-01 6.752660138154719174e-03 5.981794583550347852e+03
3.229185547006143679e+03 9.534317975072654772e-01 6.780366229423612397e-03 6.033892497398972409e+03
3.229194955432449660e+03 9.600606209781693545e-01 6.803612515944277433e-03 6.076735927658388391e+03
3.229204363858755642e+03 9.593018783421671802e-01 6.806921564578125201e-03 6.072906564577185236e+03
3.229213772285061623e+03 9.582140968718377838e-01 6.805456745957642536e-03 6.067069858517972534e+03
3.229223180711367604e+03 9.539424581773390255e-01 6.765882577469478458e-03 6.041141452217372716e+03
3.229232589137673585e+03 9.499418597392985664e-01 6.727117404376352187e-03 6.016988763570256197e+03
3.229241997563979567e+03 9.488801596565265006e-01 6.703013492634061002e-03 6.011509879551992526e+03
3.229251405990285548e+03 9.477851311353701069e-01 6.680907862561293910e-03 6.005877950522666652e+03
3.229260814416591529e+03 9.438520653114487180e-01 6.658608022315521714e-03 5.982311923064659823e+03
3.229270222842897510e+03 9.399733655973121493e-01 6.634248305310860502e-03 5.959131872554431538e+03
3.229279631269203492e+03 9.403463932711743078e-01 6.613352056261883466e-03 5.962949923226016836e+03
3.229289039695509928e+03 9.411258004415308243e-01 6.596466475383903731e-03 5.969391569680792600e+03
3.229298448121815909e+03 9.433990185561065278e-01 6.599659872371092806e-03 5.985354113026700361e+03
3.229307856548121890e+03 9.462601119251624615e-01 6.606516881473866766e-03 6.005092062005763182e+03
3.229317264974427871e+03 9.573428800624201873e-01 6.665160753736529622e-03 6.077062931256903539e+03
3.229326673400733853e+03 9.684319843843285369e-01 6.724560909479105827e-03 6.149142042617342668e+03
3.229336081827039834e+03 9.782061552140713934e-01 6.792917069841178726e-03 6.212934541115930188e+03
3.229345490253345815e+03 9.871102559812122701e-01 6.855849059221960466e-03 6.271256421317308195e+03
3.229354898679651797e+03 9.843013470558777955e-01 6.838185292360650543e-03 6.255193061633550315e+03
3.229364307105957778e+03 9.819441081262426652e-01 6.822376175715324891e-03 6.242004878782547166e+03
3.229373715532263759e+03 9.859412593750144227e-01 6.838259871405223331e-03 6.269223312213533063e+03
3.229383123958569740e+03 9.897929730288588246e-01 6.853876994991593523e-03 6.295537445137691066e+03
3.229392532384875722e+03 9.926850293938858094e-01 6.866704213460979311e-03 6.315762106647145629e+03
3.229401940811181703e+03 9.958539832217532251e-01 6.881010235757589570e-03 6.337757487351519558e+03
3.229411349237487684e+03 9.980201136225875791e-01 6.890806257535724705e-03 6.353374270000222168e+03
3.229420757663793665e+03 9.997602150222074657e-01 6.898065028097682266e-03 6.366275656787878688e+03
3.229430166090099647e+03 9.963448910231958999e-01 6.877281960882581681e-03 6.346331510984420675e+03
3.229439574516405628e+03 9.932168728635951682e-01 6.858875917541238688e-03 6.328190973332028079e+03
3.229448982942711609e+03 9.981182589177838294e-01 6.896890408300040617e-03 6.361197168327111285e+03
3.229458391369018045e+03 1.002728567827476658e+00 6.931641235177284435e-03 6.392349642228570701e+03
3.229467799795324026e+03 1.001292010621342321e+00 6.892955679383684815e-03 6.384943242393535911e+03
3.229477208221630008e+03 1.000078035201863447e+00 6.857529840691233870e-03 6.378935159375242620e+03
3.229486616647935989e+03 9.992230252487027675e-01 6.880830036206455474e-03 6.375196331124596327e+03
3.229496025074241970e+03 9.982686998235044129e-01 6.903408199133269536e-03 6.370803539989184173e+03
3.229505433500547952e+03 9.964961780733314622e-01 6.885808713090921587e-03 6.361166902120467967e+03
3.229514841926853933e+03 9.948014815543156919e-01 6.868257344505595066e-03 6.352003233239369365e+03
3.229524250353159914e+03 9.970406551927213368e-01 6.868307370565723650e-03 6.367940535856085262e+03
3.229533658779465895e+03 9.993917115474499901e-01 6.868548820818606154e-03 6.384581024206967413e+03
3.229543067205771877e+03 9.990395953352493308e-01 6.865346494118346535e-03 6.383936271700131329e+03
3.229552475632077858e+03 9.985809318936608170e-01 6.862039263899779966e-03 6.382589592103187897e+03
3.229561884058383839e+03 1.001720723022170967e+00 6.872962742130422041e-03 6.404226992242734923e+03
3.229571292484689820e+03 1.005026959332169678e+00 6.884705567286387648e-03 6.426917841680145102e+03
3.229580700910995802e+03 1.000607892328781112e+00 6.861668733114697008e-03 6.400184315700375009e+03
3.229590109337301783e+03 9.961015290418258061e-01 6.837682575833137558e-03 6.372857373559087137e+03
3.229599517763607764e+03 1.000128669360523581e+00 6.832285172772645590e-03 6.400103400528734710e+03
3.229608926189913745e+03 1.004214184925664499e+00 6.827348468585782600e-03 6.427712530802717083e+03
3.229618334616219727e+03 1.004583164359549974e+00 6.834840291514463623e-03 6.431516672700595336e+03
3.229627743042525708e+03 1.004947851595356267e+00 6.842772110573738971e-03 6.435271040672187155e+03
3.229637151468832144e+03 1.000768053532764323e+00 6.795428458542797541e-03 6.409895333046009910e+03
3.229646559895138125e+03 9.962857320528226701e-01 6.745373968529105695e-03 6.382545939461857415e+03
3.229655968321444107e+03 9.962304241627485402e-01 6.735920313736863153e-03 6.383526885722025327e+03
3.229665376747750088e+03 9.963546441929902464e-01 6.727979764472574904e-03 6.385633427597973423e+03
3.229674785174056069e+03 9.923133579070673171e-01 6.713929408205956441e-03 6.361012923258576848e+03
3.229684193600362050e+03 9.882319893391842136e-01 6.700535231772050855e-03 6.336099503875364462e+03
3.229693602026668032e+03 9.930975334146231459e-01 6.712953879364338960e-03 6.368524611301677396e+03
3.229703010452974013e+03 9.983109381208027377e-01 6.725916127906975996e-03 6.403166340188121467e+03
3.229712418879279994e+03 1.001841476624173666e+00 6.724176238327972052e-03 6.426997621240802800e+03
3.229721827305585975e+03 1.005179177825786585e+00 6.721759606761658172e-03 6.449572292635853955e+03
3.229731235731891957e+03 1.004928409982021709e+00 6.723966954702905764e-03 6.449097614245572004e+03
3.229740644158197938e+03 1.004592349884557478e+00 6.726952743599426410e-03 6.448046412644669545e+03
3.229750052584503919e+03 1.000839550853650950e+00 6.686238436724318765e-03 6.425031310980783019e+03
3.229759461010809900e+03 9.968865110682608721e-01 6.642881602093047080e-03 6.400693342561217833e+03
3.229768869437115882e+03 9.976184876217023545e-01 6.651657202204458962e-03 6.406403442634285966e+03
3.229778277863421863e+03 9.985985758538618029e-01 6.663763022401118785e-03 6.413678534240042609e+03
3.229787686289727844e+03 9.969049167957403368e-01 6.654455125290213192e-03 6.403749886834055360e+03
3.229797094716033826e+03 9.950496805537704104e-01 6.643235445773260257e-03 6.392749162657004490e+03
3.229806503142340262e+03 9.965566507844623168e-01 6.625026704892070066e-03 6.403317531795602918e+03
3.229815911568646243e+03 9.983035781947721121e-01 6.607389501799215865e-03 6.415398886537271210e+03
3.229825319994952224e+03 9.997613353459438024e-01 6.620007999643575183e-03 6.425592480772172166e+03
3.229834728421258205e+03 1.001116950162041386e+00 6.633626702781681046e-03 6.435099229148361701e+03
3.229844136847564187e+03 1.002434095013128967e+00 6.637184957091882276e-03 6.444327655998533373e+03
3.229853545273870168e+03 1.003752150390422315e+00 6.639928177547013352e-03 6.453530306386852317e+03
3.229862953700176149e+03 1.000476924006974411e+00 6.618768039297636026e-03 6.433165509045613362e+03
3.229872362126482130e+03 9.971371812820714053e-01 6.597872759863248997e-03 6.412347018528380431e+03
3.229881770552788112e+03 9.975387267071503805e-01 6.576464203398100193e-03 6.415551203444488237e+03
3.229891178979094093e+03 9.978949857187086048e-01 6.553699175952694758e-03 6.418429461277295559e+03
3.229900587405400074e+03 9.954353282815469051e-01 6.536355898583499913e-03 6.403159109985825125e+03
3.229909995831706055e+03 9.928553687462398081e-01 6.519649386122955415e-03 6.387076309948537528e+03
3.229919404258012037e+03 9.906086314408467652e-01 6.503949405179361605e-03 6.373098487029433272e+03
3.229928812684318018e+03 9.885498588281523835e-01 6.490093846357182852e-03 6.360291362544412550e+03
3.229938221110623999e+03 9.921581734970714717e-01 6.519827931714215936e-03 6.383909676907758694e+03
3.229947629536929981e+03 9.959910756676416677e-01 6.551121291748311301e-03 6.408938452256496021e+03
3.229957037963235962e+03 9.991855387468475680e-01 6.568359654468337340e-03 6.429823442039989459e+03
3.229966446389541943e+03 1.002485989938009192e+00 6.585909128952248219e-03 6.451353873437493348e+03
3.229975854815848379e+03 9.993363562788674104e-01 6.559125450073412418e-03 6.431336712366619395e+03
3.229985263242154360e+03 9.955511205142992814e-01 6.527780895802696298e-03 6.407187993084660775e+03
3.229994671668460342e+03 9.945657416632449621e-01 6.532761306473931079e-03 6.401017924033914824e+03
3.230004080094766323e+03 9.939419486694532901e-01 6.541781079689759984e-03 6.397134629075148041e+03
3.230013488521072304e+03 9.961527127930533965e-01 6.535239565207740832e-03 6.411454480099636385e+03
3.230022896947378285e+03 9.983673539689326137e-01 6.526316207550247710e-03 6.425758543845502572e+03
3.230032305373684267e+03 9.997505055452796663e-01 6.543840571888625418e-03 6.434669469006316831e+03
3.230041713799990248e+03 1.001307498481210256e+00 6.564789211039764351e-03 6.444657186286811339e+03
3.230051122226296229e+03 1.003749278239530529e+00 6.577854676590171208e-03 6.460296815235245958e+03
3.230060530652602210e+03 1.006199448270221231e+00 6.591071055428765306e-03 6.475946882434971485e+03
3.241118792286189091e+03 9.918117402238481040e-01 4.366132534649894668e-03 5.893278416170101991e+03
3.241127155298530852e+03 9.957004892170677746e-01 4.383544467016465933e-03 5.919008695434478796e+03
3.241135518310873067e+03 9.996026828001333131e-01 4.401050791365123706e-03 5.944738974700256222e+03
3.241143881323214828e+03 9.995635687231825273e-01 4.409772465749741896e-03 5.946939185423432718e+03
3.241152244335557043e+03 9.992302805894311968e-01 4.418095437003458081e-03 5.947287768819664052e+03
3.241160607347898804e+03 9.995208519184906049e-01 4.425994753259858069e-03 5.951248777001831513e+03
3.241168970360241019e+03 1.000120379928207459e+00 4.434870355534240548e-03 5.956950611941143507e+03
3.241177333372582780e+03 9.983389682540830812e-01 4.428765134285752962e-03 5.948367899451513040e+03
3.241185696384924995e+03 9.960042539138994622e-01 4.419895681368880662e-03 5.936379689040542871e+03
3.241194059397266756e+03 9.959415165833027661e-01 4.424362067650505249e-03 5.937827815638346692e+03
3.241202422409608971e+03 9.963666032239043568e-01 4.431504474354893211e-03 5.942084465346579236e+03
3.241210785421950732e+03 9.981155549789656467e-01 4.438016546419805593e-03 5.954139288729526015e+03
3.241219148434292947e+03 1.000223782202869671e+00 4.444725815960157145e-03 5.968242548719306797e+03
3.241227511446634708e+03 1.000018423626844788e+00 4.442560139212250146e-03 5.968442671876310669e+03
3.241235874458976923e+03 9.991645360268613940e-01 4.438029133546358453e-03 5.964669590487797905e+03
3.241244237471318684e+03 9.973103456383403120e-01 4.426565197335074857e-03 5.954820533943255214e+03
3.241252600483660899e+03 9.952538042978448241e-01 4.413394205847921345e-03 5.943657710683631194e+03
3.241260963496002660e+03 9.940871929182588662e-01 4.406524331451706564e-03 5.937705228986797010e+03
3.241269326508344875e+03 9.930917763133421117e-01 4.401259689063410745e-03 5.932672431989014513e+03
3.241277689520686636e+03 9.921982569064183854e-01 4.405514972352479915e-03 5.928146004238239584e+03
3.241286052533028396e+03 9.913630533822215263e-01 4.413378173483685669e-03 5.923865994654322094e+03
3.241294415545370612e+03 9.936015216179033827e-01 4.421795230810806297e-03 5.937852769102771163e+03
3.241302778557712372e+03 9.971954733791796865e-01 4.430870264663188882e-03 5.959842330173882146e+03
3.241311141570054588e+03 9.992490533267072150e-01 4.445812903280368412e-03 5.972527043121817769e+03
3.241319504582396348e+03 1.000646024826709279e+00 4.463495029371953270e-03 5.981186866744867075e+03
3.241327867594738564e+03 1.000637245693645871e+00 4.465285005517156437e-03 5.981342687542331078e+03
3.241336230607080324e+03 9.998323813869596233e-01 4.458497429840614125e-03 5.976637936648221512e+03
3.241344593619422540e+03 1.000363515471146325e+00 4.457030395419334275e-03 5.979817389052967883e+03
3.241352956631764300e+03 1.001645314805729825e+00 4.458122048940370979e-03 5.987381989809378865e+03
3.241361319644106516e+03 1.002632470308046697e+00 4.459464835454680053e-03 5.993082897432082063e+03
3.241369682656448276e+03 1.003608230163168802e+00 4.461865520391749412e-03 5.998612919248753315e+03
3.241378045668790492e+03 1.004747540087486568e+00 4.468586838189383438e-03 6.005017300497238466e+03
3.241386408681132252e+03 1.005849376116961569e+00 4.477488312313870900e-03 6.011094092946392266e+03
3.241394771693474468e+03 1.004763718624833491e+00 4.474894761842733090e-03 6.003995455050065175e+03
3.241403134705816228e+03 1.001912560505929806e+00 4.463511622091494505e-03 5.986246984764295121e+03
3.241411497718158444e+03 1.001834887706834820e+00 4.460510795175853110e-03 5.984969198899308140e+03
3.241419860730500204e+03 1.004263357920064603e+00 4.464798404454820187e-03 5.998558448293499168e+03
3.241428223742842420e+03 1.004403342799066179e+00 4.459629408837436672e-03 5.998373171385283058e+03
3.241436586755184180e+03 1.002316195249311592e+00 4.445698864503334902e-03 5.984786588077948181e+03
3.241444949767525941e+03 1.000567753271696336e+00 4.431488982690093281e-03 5.973124137122544198e+03
3.241453312779868156e+03 9.992624860189359692e-01 4.417302723558334462e-03 5.964008575117113651e+03
3.241461675792209917e+03 9.994998136195709648e-01 4.411191625186165928e-03 5.963998710131290864e+03
3.241470038804552132e+03 1.001485469047951993e+00 4.414021221775475332e-03 5.974315610817031484e+03
3.241478401816893893e+03 1.001681987530763207e+00 4.414074366322266393e-03 5.973858331315730538e+03
3.241486764829236108e+03 9.994817476998038019e-01 4.410122035560106769e-03 5.959019251311286098e+03
3.241495127841577869e+03 9.978854505185494883e-01 4.405573183199952905e-03 5.947702811842043957e+03
3.241503490853920084e+03 9.973841592027847813e-01 4.401212202289643202e-03 5.942838517121838777e+03
3.241511853866261845e+03 9.972752532314914653e-01 4.399829427305814063e-03 5.940241573993142083e+03
3.241520216878604060e+03 9.975453060526596749e-01 4.401747903500284262e-03 5.939836164427331823e+03
3.241528579890945821e+03 9.970728418135950122e-01 4.401679716959145186e-03 5.934950905528349722e+03
3.241536942903288036e+03 9.955370132306482489e-01 4.399667781488430726e-03 5.923687785344855001e+03
3.241545305915629797e+03 9.943877797098639171e-01 4.395903195736362498e-03 5.914684675248964595e+03
3.241553668927972012e+03 9.939961786673178201e-01 4.388632998096560212e-03 5.910151722925855211e+03
3.241562031940313773e+03 9.921175114146107976e-01 4.378655320113425745e-03 5.896748732262407430e+03
3.241570394952655988e+03 9.874659035706812027e-01 4.363499195895398711e-03 5.866852487449505134e+03
3.241578757964997749e+03 9.830599194728679713e-01 4.351006662226035437e-03 5.838415929533733106e+03
3.241587120977339509e+03 9.790523634004757447e-01 4.343391393746009153e-03 5.812351078336345381e+03
3.241595483989681725e+03 9.745927337162749726e-01 4.331086423538428772e-03 5.783614395004797188e+03
3.241603847002023485e+03 9.692923578537950835e-01 4.309864507480020736e-03 5.749909724065711089e+03
3.241612210014365701e+03 9.656883625066657872e-01 4.298326751558014490e-03 5.726293662180445608e+03
3.241620573026707461e+03 9.657948208141955426e-01 4.307988783027017800e-03 5.724698869288842616e+03
3.241628936039049677e+03 9.653261467122431494e-01 4.311603385477346013e-03 5.719713129797610236e+03
3.241637299051391437e+03 9.635970051292824801e-01 4.300546308619090929e-03 5.707287386294054158e+03
3.241645662063733653e+03 9.642114375051967778e-01 4.300712174756419343e-03 5.708774565181338403e+03
3.241654025076075413e+03 9.705664573541008533e-01 4.328942965344952098e-03 5.744270370882089992e+03
3.241662388088417629e+03 9.768354204203487656e-01 4.356899603268819463e-03 5.779271727926758103e+03
3.241670751100759389e+03 9.827193247352420391e-01 4.383320613777834558e-03 5.812017960445838980e+03
3.241679114113101605e+03 9.884284324895409313e-01 4.408912299221039513e-03 5.843761830958730570e+03
3.241687477125443365e+03 9.936389261340330403e-01 4.432194032531394656e-03 5.872597936551303974e+03
3.241695840137785581e+03 9.977987095897553615e-01 4.450162094620489957e-03 5.895274696486715584e+03
3.241704203150127341e+03 9.993035045910844127e-01 4.454103217576220117e-03 5.902329851918626446e+03
3.241712566162469557e+03 1.000564477447914769e+00 4.457690705123911780e-03 5.908021971632592795e+03
3.241720929174811317e+03 1.000234580937981343e+00 4.457276097671635136e-03 5.904407430959256089e+03
3.241729292187153533e+03 9.996464340608284260e-01 4.454440688835357293e-03 5.899364891245167200e+03
3.241737655199495293e+03 9.983472630348387833e-01 4.442978978769910811e-03 5.890229980398385123e+03
3.241746018211837054e+03 9.972153108466396132e-01 4.434039044573109822e-03 5.882186723250960313e+03
3.241754381224179269e+03 9.972761519626314186e-01 4.437337947627013716e-03 5.881280080823991739e+03
3.241762744236521030e+03 9.968122150440970053e-01 4.437403891168342600e-03 5.877376216083841427e+03
3.241771107248863245e+03 9.931573175934651498e-01 4.421425776164214158e-03 5.854757225203561575e+03
3.241779470261205006e+03 9.895934181751890879e-01 4.407491084747794212e-03 5.832774409643268882e+03
3.241787833273547221e+03 9.870542036462985891e-01 4.405006578681471170e-03 5.816926737778838287e+03
3.241796196285888982e+03 9.836986284782585077e-01 4.397850148973424765e-03 5.796360380572064969e+03
3.241804559298231197e+03 9.764204469599579994e-01 4.368298278075347096e-03 5.752773183161261841e+03
3.241812922310572958e+03 9.696370305064522244e-01 4.340493729945612590e-03 5.712192579805505375e+03
3.241821285322915173e+03 9.656050662288130360e-01 4.323655475878527589e-03 5.687906818113403460e+03
3.241829648335256934e+03 9.620074237392833849e-01 4.309038019439495430e-03 5.666260222038634311e+03
3.241838011347599149e+03 9.603397669656127400e-01 4.302600144002836739e-03 5.656058112619828535e+03
3.241846374359940910e+03 9.583596678080492648e-01 4.295210663825971449e-03 5.644089297691521097e+03
3.241854737372283125e+03 9.546194230939832881e-01 4.284530735145774920e-03 5.621825873445272919e+03
3.241863100384624886e+03 9.504466894045484615e-01 4.271071338332082384e-03 5.597084653490071105e+03
3.241871463396967101e+03 9.440617216575528658e-01 4.240627799058595618e-03 5.559382333057845244e+03
3.241879826409308862e+03 9.372846688797977777e-01 4.209787395561279469e-03 5.519434639900126058e+03
3.241888189421651077e+03 9.231471074583912362e-01 4.159373866906661971e-03 5.436202752073550073e+03
3.241896552433992838e+03 9.083566002542899920e-01 4.105910222440230239e-03 5.349181328176980969e+03
3.241904915446334599e+03 8.879933829044627247e-01 4.026548593541859344e-03 5.229392984094567510e+03
3.241913278458676814e+03 8.675056212607755723e-01 3.947078162066647994e-03 5.108915103566711878e+03
3.241921641471018575e+03 8.440858770190267091e-01 3.859581729213632569e-03 4.971207914328722836e+03
3.241930004483360790e+03 8.213603137667205845e-01 3.774755658119383073e-03 4.837620727064921084e+03
3.241938367495702551e+03 8.143430420442464568e-01 3.750722131922242398e-03 4.796583816436330380e+03
3.241946730508044766e+03 8.077313834800111669e-01 3.728385952266589660e-03 4.757970284141943011e+03
3.241955093520386527e+03 8.129162509035489093e-01 3.750059902020314809e-03 4.788881640109879299e+03
3.241963456532728742e+03 8.181109664309668128e-01 3.771774245269099608e-03 4.819891772134462371e+03
3.241971819545070502e+03 8.263026764053800211e-01 3.807675893087769919e-03 4.868599907320620332e+03
3.241980182557412718e+03 8.345271960911284648e-01 3.843826776144950233e-03 4.917543289740247928e+03
3.241988545569754478e+03 8.366503553753810163e-01 3.857060164569236105e-03 4.930571020436857907e+03
3.241996908582096694e+03 8.386461764461010659e-01 3.869551339197836205e-03 4.942880354544166039e+03
3.242005271594438454e+03 8.388067178543667790e-01 3.865134232131016336e-03 4.944401811780920980e+03
3.242013634606780670e+03 8.388960610814082397e-01 3.860460207710390140e-03 4.945529531583193602e+03
3.242021997619122430e+03 8.347462879562785876e-01 3.853138384505989857e-03 4.921687343838675588e+03
3.242030360631464646e+03 8.304103284933117557e-01 3.845369454247883623e-03 4.896762897382051960e+03
3.242038723643806406e+03 8.207012390332738550e-01 3.801543640708402675e-03 4.840163094437437394e+03
3.242047086656148622e+03 8.109720973212628525e-01 3.757137558917830657e-03 4.783447280061356651e+03
3.242055449668490382e+03 8.077937593748744094e-01 3.741252637917267653e-03 4.765376100013961150e+03
3.242063812680832143e+03 8.046628141560482339e-01 3.725753784561884694e-03 4.747593217538905265e+03
3.242072175693174358e+03 8.049354183456156608e-01 3.721193862756423405e-03 4.749901396609423500e+03
3.242080538705516119e+03 8.055024531700211154e-01 3.717626092453724714e-03 4.753958163818688263e+03
3.242088901717858334e+03 8.196975189820990826e-01 3.780564809420625724e-03 4.838467403974991612e+03
3.242097264730200095e+03 8.343034697225292229e-01 3.845498136058669251e-03 4.925434811902521687e+03
3.242105627742542310e+03 8.541971863002304488e-01 3.922874718903824297e-03 5.043655805087148110e+03
3.242113990754884071e+03 8.743716063657140936e-01 4.000755162595952263e-03 5.163574156277296424e+03
3.242122353767226286e+03 8.993260842435999436e-01 4.101908293105840410e-03 5.311763798734504235e+03
3.242130716779568047e+03 9.245042908501388546e-01 4.204134982938555198e-03 5.461320325820535800e+03
3.242139079791910262e+03 9.379943135475663496e-01 4.238085050167529795e-03 5.541864170936149094e+03
3.242147442804252023e+03 9.506688953413313659e-01 4.267519835673263227e-03 5.617609467159247288e+03
3.242155805816594238e+03 9.571228143080158235e-01 4.295995968379424761e-03 5.656606753222866246e+03
3.242164168828935999e+03 9.631765160191310127e-01 4.324011154971562493e-03 5.693241068414604342e+03
3.242172531841278214e+03 9.682494548820359537e-01 4.334898320413185790e-03 5.724076966555331637e+03
3.242180894853619975e+03 9.731812397897221523e-01 4.344601975617983121e-03 5.754073837011585056e+03
3.242189257865962190e+03 9.735970819682694399e-01 4.339678762064340042e-03 5.757358659286905095e+03
3.242197620878303951e+03 9.735756556690331465e-01 4.333176840316360981e-03 5.758040359003751291e+03
3.242205983890646166e+03 9.804008829501664746e-01 4.349938931237621979e-03 5.799201049674220485e+03
3.242214346902987927e+03 9.878509335029437288e-01 4.368992442932735122e-03 5.844046893288803403e+03
3.242222709915329688e+03 9.899762481819072146e-01 4.388340164593254947e-03 5.857374996517090949e+03
3.242231072927671903e+03 9.915430719274638260e-01 4.407352008862328203e-03 5.867374690590248065e+03
3.242239435940013664e+03 9.912482145979841786e-01 4.393043292136328271e-03 5.866329969949944825e+03
3.242247798952355879e+03 9.907891545299460923e-01 4.375436310807572296e-03 5.864281751496539982e+03
3.242256161964697640e+03 9.889560627729447884e-01 4.376969752656412541e-03 5.854066036547870681e+03
3.242264524977039855e+03 9.869625170095635003e-01 4.380042868207074599e-03 5.842862612536760935e+03
3.242272887989381616e+03 9.900048774183292100e-01 4.384213913884557959e-03 5.861434848034155948e+03
3.242281251001723831e+03 9.935773775059216772e-01 4.388156158027837171e-03 5.883109474995487290e+03
3.242289614014065592e+03 9.953711366822382001e-01 4.392799780926451292e-03 5.894212361988698831e+03
3.242297977026407807e+03 9.969974247684119106e-01 4.398199843812886090e-03 5.904280525234120432e+03
3.242306340038749568e+03 9.989963210334232846e-01 4.408107421934994406e-03 5.916509901904079015e+03
3.242314703051091783e+03 1.001016122029862121e+00 4.418213003137390349e-03 5.928815355493798052e+03
3.242323066063433544e+03 1.001441994039898420e+00 4.424428972450346158e-03 5.931629846356523558e+03
3.242331429075775759e+03 1.001604842178221322e+00 4.430047409896407072e-03 5.932835743995834491e+03
3.242339792088117520e+03 1.001326959272816008e+00 4.426072438918795052e-03 5.931381880373504828e+03
3.242348155100459735e+03 1.001109439185292604e+00 4.421112914785319155e-03 5.930238064223530273e+03
3.242356518112801496e+03 1.002535585256161710e+00 4.431327391359742886e-03 5.938785178861760869e+03
3.242364881125143711e+03 1.004200813201349574e+00 4.443495418827862579e-03 5.948704729411721928e+03
3.242373244137485472e+03 1.002224391001663051e+00 4.432023975032839402e-03 5.937009447301461478e+03
3.242381607149827232e+03 9.996085926509905573e-01 4.416776273557293866e-03 5.921486031304913922e+03
3.242389970162169448e+03 1.000844548305294346e+00 4.420488193657266633e-03 5.928740832645353294e+03
3.242398333174511208e+03 1.002657923965377451e+00 4.427140554144576995e-03 5.939378697852103869e+03
3.242406696186853424e+03 1.000185969510642980e+00 4.424680693923653194e-03 5.924596485998252319e+03
3.242415059199195184e+03 9.970287435197093817e-01 4.420452909364985285e-03 5.905722252223158648e+03
3.242423422211537400e+03 9.980118024074279282e-01 4.415648764702804867e-03 5.911340702770834469e+03
3.242431785223879160e+03 9.996347809792091033e-01 4.411293133330972289e-03 5.920718661622295258e+03
3.242440148236221376e+03 9.994280852069803434e-01 4.414955674203841114e-03 5.919230778662999001e+03
3.242448511248563136e+03 9.988574854534777447e-01 4.419369253029943601e-03 5.915560994804229267e+03
3.242456874260905352e+03 9.993198927171581536e-01 4.419982408005204526e-03 5.917983900581420130e+03
3.242465237273247112e+03 9.999065083352018934e-01 4.420244102727963545e-03 5.921118583658471834e+03
3.242473600285589328e+03 9.992382202897099885e-01 4.412076610044382216e-03 5.916800433736052582e+03
3.242481963297931088e+03 9.983871101261521108e-01 4.402552590692793838e-03 5.911380276678739392e+03
3.242490326310273304e+03 9.982042487620643723e-01 4.399459651728744418e-03 5.909898867367965067e+03
3.242498689322615064e+03 9.981789053786228605e-01 4.397626049744579081e-03 5.909333535653779109e+03
3.242507052334957280e+03 9.996691059834844628e-01 4.406222281087388178e-03 5.917724875435253125e+03
3.242515415347299040e+03 1.001261977514932289e+00 4.415642353956381570e-03 5.926709438891821264e+03
3.242523778359640801e+03 9.975347353557865171e-01 4.396885155351974890e-03 5.904192449048416165e+03
3.242532141371983016e+03 9.932559655532638976e-01 4.375233585300559828e-03 5.878405005629009793e+03
3.242540504384324777e+03 9.960647228503136663e-01 4.388934798194210098e-03 5.894556432833087456e+03
3.242548867396666992e+03 9.998386435224686508e-01 4.407419441339576090e-03 5.916410051476143963e+03
3.242557230409008753e+03 9.990242810188382228e-01 4.415665861431652614e-03 5.911107037038397721e+03
3.242565593421350968e+03 9.977668097831163818e-01 4.423012892749352346e-03 5.903180248064968509e+03
3.242573956433692729e+03 1.000508147870802889e+00 4.430344449974776312e-03 5.918910005040972464e+03
3.242582319446034944e+03 1.003671197330107789e+00 4.437403217797003009e-03 5.937132133002516639e+03
3.242590682458376705e+03 1.000481424111130391e+00 4.432375225989007572e-03 5.917776848846346184e+03
3.242599045470718920e+03 9.965020374305132433e-01 4.425590520722234508e-03 5.893758396282990361e+03
3.242607408483060681e+03 9.953784358269099908e-01 4.418579018482826984e-03 5.886638343477761737e+03
3.242615771495402896e+03 9.946150303684458960e-01 4.412064903304894689e-03 5.881656623003800632e+03
3.242624134507744657e+03 9.972179906388499715e-01 4.425969992372474210e-03 5.896590010146401255e+03
3.242632497520086872e+03 1.000324132871459160e+00 4.442399385813137168e-03 5.914506804976444982e+03
3.242640860532428633e+03 1.002665049154735311e+00 4.457126541272493463e-03 5.927909121085869629e+03
3.242649223544770848e+03 1.004848558089409094e+00 4.471352491194399877e-03 5.940393023962793450e+03
3.242657586557112609e+03 9.997927418316000514e-01 4.450374428934363719e-03 5.910097027284644355e+03
3.242665949569454824e+03 9.936893601293844691e-01 4.424991874892616334e-03 5.873630499200835402e+03
3.242674312581796585e+03 9.954735411205374307e-01 4.441077344100445926e-03 5.883807653927627143e+03
3.242682675594138345e+03 9.982025126669480386e-01 4.461305693079114544e-03 5.899588285371542952e+03
3.242691038606480561e+03 1.000629388900233119e+00 4.468329613623854037e-03 5.913604332895431071e+03
3.242699401618822321e+03 1.003088900192562027e+00 4.474983912113848945e-03 5.927836086896762026e+03
3.242707764631164537e+03 1.000973481962437628e+00 4.469030229453879212e-03 5.915057908926173695e+03
3.242716127643506297e+03 9.982192160902966238e-01 4.460887015442833829e-03 5.898533658661825939e+03
3.242724490655848513e+03 9.984948358704840432e-01 4.454208860971569511e-03 5.899943229562094530e+03
3.242732853668190273e+03 9.991115635288088104e-01 4.448174209210231655e-03 5.903399318939069417e+03
3.242741216680532489e+03 9.999705841357319214e-01 4.450014235857639375e-03 5.908319652395164667e+03
3.242749579692874249e+03 1.000885842180149643e+00 4.452328956904215776e-03 5.913606626083177616e+03
3.242757942705216465e+03 1.000308068939187223e+00 4.451178760015024952e-03 5.910108499251400644e+03
3.242766305717558225e+03 9.995232461372266508e-01 4.449595775666134387e-03 5.905425182919937470e+03
3.242774668729900441e+03 9.974796520943570721e-01 4.447971236451168757e-03 5.893344502450765503e+03
3.242783031742242201e+03 9.954040408129936068e-01 4.446310224953862154e-03 5.881115931176202139e+03
3.242791394754584417e+03 9.969341998880422162e-01 4.449355350091000784e-03 5.890234219213492906e+03
3.242799757766926177e+03 9.986263786416811339e-01 4.452696134050244774e-03 5.900354818548570620e+03
3.242808120779268393e+03 1.000857059560214646e+00 4.467569075265888368e-03 5.913704224673786484e+03
3.242816483791610153e+03 1.003096374943394764e+00 4.482776318973432685e-03 5.927153823816577642e+03
3.242824846803952369e+03 1.000873241617640463e+00 4.472968720726696983e-03 5.914285471711046739e+03
3.242833209816294129e+03 9.983763173774465871e-01 4.461688055366399078e-03 5.899849591923639309e+03
3.382871608556564297e+03 9.868744624042385949e-01 3.126423430916694824e-03 4.227254755044481499e+03
3.382880239890360372e+03 9.890329183277135616e-01 3.135138038311167160e-03 4.231421800344684016e+03
3.382888871224156446e+03 9.911621426083537800e-01 3.143674020964606734e-03 4.235764983091867180e+03
3.382897502557952521e+03 9.961477156453273363e-01 3.155371139225732202e-03 4.252592206502284171e+03
3.382906133891748595e+03 1.001043638795037882e+00 3.166739579819128920e-03 4.269292008712197457e+03
3.382914765225544670e+03 1.002329799983996184e+00 3.168784016356614424e-03 4.270857542357737657e+03
3.382923396559340745e+03 1.003556962876093861e+00 3.170591257418827521e-03 4.272435556988890312e+03
3.382932027893136819e+03 1.003720188653526968e+00 3.172894383343616287e-03 4.269739371091140129e+03
3.382940659226932894e+03 1.003560201386463513e+00 3.174555135008626152e-03 4.265915170761561967e+03
3.382949290560728969e+03 1.005275200272113256e+00 3.180285663014899202e-03 4.270290181402753660e+03
3.382957921894525043e+03 1.007250864641527910e+00 3.186596244682422200e-03 4.275982711488027235e+03
3.382966553228321118e+03 1.007068427425054757e+00 3.187423236472148279e-03 4.272716327218917286e+03
3.382975184562116738e+03 1.006638722999126934e+00 3.187603163075620506e-03 4.268596318183447693e+03
3.382983815895912812e+03 1.003619788637745591e+00 3.181329184012798589e-03 4.253684665213202607e+03
3.382992447229708887e+03 1.000130777768818424e+00 3.173881616185574277e-03 4.236960353548796775e+03
3.383001078563504961e+03 9.966503153088538403e-01 3.165930666486334831e-03 4.220437880515120924e+03
3.383009709897301036e+03 9.931808227382700194e-01 3.157921124798647710e-03 4.204112604609039408e+03
3.383018341231097111e+03 9.909744744782038595e-01 3.154162415501617339e-03 4.193268341232962484e+03
3.383026972564893185e+03 9.889753958821561053e-01 3.151198206090627223e-03 4.183418885901601243e+03
3.383035603898689260e+03 9.921818218050924010e-01 3.147541600087335519e-03 4.195685787035224166e+03
3.383044235232485335e+03 9.967945900194179476e-01 3.143683707567390077e-03 4.213975185280492951e+03
3.383052866566281409e+03 9.984814456887325385e-01 3.147418491370864053e-03 4.219959992271054944e+03
3.383061497900077484e+03 9.992448632649104656e-01 3.152929955447013669e-03 4.222098380669849575e+03
3.383070129233873558e+03 9.998681378622215066e-01 3.165726747202850591e-03 4.223689003208251961e+03
3.383078760567669633e+03 1.000470113170228714e+00 3.181039838836868111e-03 4.225220941344201492e+03
3.383087391901465708e+03 1.000612680361826712e+00 3.181487992775784528e-03 4.224831158840139324e+03
3.383096023235261782e+03 1.000671413626247341e+00 3.176947384735330244e-03 4.224093078949509618e+03
3.383104654569057857e+03 1.000220147924757219e+00 3.175296385304974319e-03 4.221195069011379019e+03
3.383113285902853931e+03 9.995743365197600205e-01 3.175039102655330576e-03 4.217456301957641699e+03
3.383121917236650006e+03 9.991613436620198074e-01 3.177456669156180063e-03 4.214666793340199547e+03
3.383130548570446081e+03 9.988580904716017894e-01 3.180859248740459076e-03 4.212293487051503689e+03
3.383139179904242155e+03 9.997849121826781760e-01 3.183269023763404728e-03 4.215046020919180592e+03
3.383147811238038230e+03 1.001149785973048933e+00 3.184772577224944268e-03 4.219568433701570029e+03
3.383156442571834305e+03 1.000835606120553889e+00 3.182121168636628961e-03 4.216925199488185172e+03
3.383165073905630379e+03 9.998909952673079582e-01 3.177986035922853066e-03 4.211526495375257582e+03
3.383173705239425999e+03 9.994656071144362164e-01 3.177014933180175200e-03 4.208202532427794722e+03
3.383182336573222074e+03 9.992113134228667315e-01 3.177640978843123548e-03 4.205472531887813602e+03
3.383190967907018148e+03 9.994016118361660483e-01 3.178443818477721342e-03 4.204473009221124812e+03
3.383199599240814223e+03 9.999958101631600815e-01 3.179502106569246766e-03 4.205017025504807862e+03
3.383208230574610297e+03 1.000623640653843349e+00 3.180927240561935015e-03 4.205532377108923356e+03
3.383216861908406372e+03 1.001166292662911905e+00 3.182560080749229428e-03 4.205506097074699937e+03
3.383225493242202447e+03 9.995540560509169614e-01 3.178466925798177720e-03 4.196236247469738373e+03
3.383234124575998521e+03 9.963016207633168531e-01 3.170001501128667191e-03 4.179886757115946239e+03
3.383242755909794596e+03 9.953217941294081328e-01 3.165739018387032228e-03 4.172877845824121323e+03
3.383251387243590671e+03 9.964757152299943410e-01 3.165554854564022087e-03 4.174619617617331642e+03
3.383260018577386745e+03 9.954362332835668958e-01 3.165777114207856974e-03 4.166989088515134426e+03
3.383268649911182820e+03 9.924296808338004539e-01 3.166377730491238846e-03 4.150966502236761698e+03
3.383277281244978894e+03 9.903633477358169124e-01 3.161678180155761200e-03 4.138734729501710717e+03
3.383285912578774969e+03 9.890315782821221813e-01 3.151409213551785177e-03 4.129437202632273511e+03
3.383294543912571044e+03 9.872257111912765559e-01 3.146343057188835928e-03 4.118035796761516394e+03
3.383303175246367118e+03 9.850715542435876104e-01 3.147711724947755991e-03 4.105072367857329482e+03
3.383311806580163193e+03 9.828547352429141126e-01 3.146020320303378678e-03 4.091752300024668784e+03
3.383320437913959267e+03 9.802324856346423809e-01 3.139953058083968206e-03 4.076662827003177426e+03
3.383329069247755342e+03 9.761591434187146810e-01 3.131633160562943136e-03 4.055476893675236170e+03
3.383337700581551417e+03 9.704205591653074503e-01 3.120795641471570733e-03 4.027336924491983154e+03
3.383346331915347491e+03 9.636682074672698883e-01 3.106327718625983680e-03 3.994978208673425343e+03
3.383354963249143566e+03 9.553474095842626745e-01 3.086768523724748615e-03 3.956129825534777865e+03
3.383363594582939641e+03 9.484440223051726626e-01 3.071362230063048263e-03 3.923176281076704981e+03
3.383372225916735260e+03 9.436898815864824819e-01 3.061945582248227875e-03 3.899133546527164071e+03
3.383380857250531335e+03 9.411351014879167920e-01 3.057751594388247434e-03 3.884189806240021426e+03
3.383389488584327410e+03 9.422870624212359436e-01 3.062273268636017415e-03 3.884539354842700050e+03
3.383398119918123484e+03 9.449051520214728495e-01 3.069601222233215264e-03 3.890914648224011671e+03
3.383406751251919559e+03 9.498558267415879719e-01 3.081368713786154876e-03 3.906869812372709021e+03
3.383415382585715633e+03 9.559571180936216050e-01 3.096282792302410426e-03 3.927527225722863932e+03
3.383424013919511708e+03 9.645227104518772077e-01 3.117899165379072780e-03 3.958273475339829020e+03
3.383432645253307783e+03 9.729344118154599208e-01 3.140242951178185814e-03 3.988353748581073887e+03
3.383441276587103857e+03 9.807959030323359917e-01 3.163386085372332703e-03 4.016159668003566821e+03
3.383449907920899932e+03 9.875084757402224911e-01 3.186532546615669127e-03 4.039262378895042730e+03
3.383458539254696007e+03 9.916869156629629645e-01 3.209504677006283242e-03 4.052029930052664895e+03
3.383467170588492081e+03 9.943530451057515096e-01 3.222808432469301439e-03 4.058678627705291547e+03
3.383475801922288156e+03 9.935899410998396686e-01 3.214112111861091876e-03 4.051423586045608317e+03
3.383484433256084230e+03 9.943241134676348292e-01 3.212740289510734783e-03 4.050386934535942601e+03
3.383493064589880305e+03 9.984992055734714933e-01 3.229028157238391251e-03 4.063471929294874826e+03
3.383501695923676380e+03 1.001584951442802573e+00 3.240221058230071532e-03 4.072231997783996576e+03
3.383510327257472454e+03 1.001878438339442789e+00 3.237329725979545738e-03 4.069772543944769041e+03
3.383518958591268529e+03 1.001553391550994654e+00 3.234033601888952180e-03 4.064946346980206727e+03
3.383527589925064603e+03 9.990379092525247806e-01 3.228596997606767403e-03 4.051382508702328778e+03
3.383536221258860678e+03 9.951057500724254101e-01 3.220144538270237281e-03 4.032234611254818446e+03
3.383544852592656753e+03 9.867825419838316403e-01 3.202855320722234472e-03 3.995468773693648473e+03
3.383553483926452827e+03 9.783973451915137787e-01 3.184079824426640920e-03 3.958635027988534603e+03
3.383562115260248902e+03 9.702091559784544739e-01 3.161507694907824025e-03 3.922775059398553367e+03
3.383570746594044522e+03 9.623736159375360089e-01 3.140394810486162036e-03 3.888510205942323410e+03
3.383579377927840596e+03 9.561222300509457650e-01 3.125229960077836877e-03 3.860804771373846961e+03
3.383588009261636671e+03 9.501148051682952733e-01 3.111025948065030029e-03 3.834233205610763434e+03
3.383596640595432746e+03 9.442508231659196838e-01 3.097886928395223328e-03 3.808383497669537974e+03
3.383605271929228820e+03 9.381798089812088959e-01 3.084744933977890628e-03 3.781837175438309714e+03
3.383613903263024895e+03 9.323401272719343824e-01 3.075207735667677324e-03 3.756357049501179972e+03
3.383622534596820969e+03 9.273944223537660125e-01 3.065810456421265776e-03 3.734605574784567125e+03
3.383631165930617044e+03 9.261966116785708136e-01 3.055638604197337405e-03 3.728060655727919766e+03
3.383639797264413119e+03 9.230917482849774203e-01 3.041186835333791263e-03 3.713946469103574145e+03
3.383648428598209193e+03 9.106107378501826499e-01 3.005943355275497459e-03 3.662230837113737834e+03
3.383657059932005268e+03 8.958202633945324678e-01 2.965676944201061076e-03 3.601363116827646081e+03
3.383665691265801343e+03 8.679762176798316853e-01 2.897144156181156918e-03 3.488169341191434341e+03
3.383674322599597417e+03 8.394479010540125685e-01 2.825123166733492161e-03 3.372387909089405184e+03
3.383682953933393492e+03 8.074579682502277533e-01 2.734654463168231190e-03 3.242856960860115578e+03
3.383691585267189566e+03 7.759166244714870153e-01 2.646236841968015435e-03 3.115277805982610971e+03
3.383700216600985641e+03 7.481238071302876991e-01 2.574990226623731157e-03 3.002883827807009311e+03
3.383708847934781716e+03 7.224271447083568942e-01 2.508665911922146503e-03 2.899022793420003381e+03
3.383717479268577790e+03 7.161078763111847767e-01 2.487133051207990418e-03 2.873011997200409496e+03
3.383726110602373865e+03 7.111330074345572072e-01 2.469286842779006529e-03 2.852461865436615881e+03
3.383734741936169939e+03 7.194119517440591416e-01 2.486483763192068840e-03 2.885127391497780081e+03
3.383743373269966014e+03 7.279712053690006179e-01 2.504686808218187146e-03 2.918958390991244414e+03
3.383752004603762089e+03 7.411203212326915590e-01 2.537693632426485900e-03 2.971231642052393909e+03
3.383760635937558163e+03 7.537178247654688912e-01 2.569474828772181935e-03 3.021329551289434221e+03
3.383769267271353783e+03 7.581821469403473568e-01 2.584483746131063884e-03 3.038865863045200058e+03
3.383777898605149858e+03 7.620626114943999108e-01 2.597851295609349478e-03 3.054106258270728176e+03
3.383786529938945932e+03 7.572354349711760690e-01 2.586160572648466514e-03 3.034495379594837232e+03
3.383795161272742007e+03 7.519694193309255370e-01 2.573408907769434394e-03 3.013172891709593387e+03
3.383803792606538082e+03 7.414767691910724157e-01 2.548853572135742224e-03 2.970952460938246077e+03
3.383812423940334156e+03 7.311454636735355006e-01 2.524762196283372208e-03 2.929421668607671108e+03
3.383821055274130231e+03 7.214863576857878380e-01 2.502963707888351211e-03 2.890623560391292813e+03
3.383829686607926305e+03 7.118692772484331854e-01 2.481151125495714097e-03 2.852029748296903108e+03
3.383838317941722380e+03 7.064905141288742030e-01 2.468598142751925531e-03 2.830448762203193837e+03
3.383846949275518455e+03 7.014413377888145673e-01 2.457065761188216655e-03 2.810217657707196850e+03
3.383855580609314529e+03 7.053174386626509529e-01 2.469466960653215418e-03 2.825771520372553823e+03
3.383864211943110604e+03 7.096568710250353851e-01 2.482804359722881170e-03 2.843207379972125636e+03
3.383872843276906679e+03 7.280162298477237393e-01 2.524771221755717828e-03 2.916839124671430909e+03
3.383881474610702753e+03 7.469585033004241259e-01 2.568449096425397607e-03 2.992832900501626682e+03
3.383890105944498828e+03 7.842975981535392771e-01 2.668339410342503507e-03 3.142566296665387199e+03
3.383898737278294902e+03 8.217432941962674597e-01 2.768420619407061835e-03 3.292759379035334405e+03
3.383907368612090977e+03 8.555231488811276819e-01 2.848169787007957289e-03 3.428295522206132773e+03
3.383915999945887052e+03 8.890540441508989478e-01 2.927198490068775270e-03 3.562865322624317741e+03
3.383924631279683126e+03 9.110216684874102855e-01 2.989835058870605588e-03 3.651123392555693499e+03
3.383933262613479201e+03 9.325268670333094478e-01 3.051551439590486411e-03 3.737551798431540192e+03
3.383941893947275275e+03 9.387797724093112084e-01 3.064663604526172199e-03 3.762866931345034118e+03
3.383950525281071350e+03 9.446446524539648948e-01 3.076569132591500198e-03 3.786637979015072233e+03
3.383959156614867425e+03 9.499420195418073476e-01 3.090533972594249838e-03 3.808142627547356824e+03
3.383967787948663045e+03 9.553683068912279808e-01 3.104899708390866740e-03 3.830169938385927708e+03
3.383976419282459119e+03 9.634951841114407500e-01 3.129217713188111108e-03 3.863028263068974411e+03
3.383985050616255194e+03 9.716030277455341979e-01 3.153685064441608121e-03 3.895812456411501898e+03
3.383993681950051268e+03 9.750648120233568195e-01 3.163518592278577891e-03 3.909965591038299863e+03
3.384002313283847343e+03 9.782677490079968452e-01 3.172689602968534282e-03 3.923074758528774964e+03
3.384010944617643418e+03 9.803040791554757938e-01 3.182026954176641904e-03 3.931496423299532580e+03
3.384019575951439492e+03 9.824007842062301155e-01 3.191552714981825325e-03 3.940148014445137051e+03
3.384028207285235567e+03 9.819928609761352511e-01 3.192929524710468384e-03 3.938738655365244540e+03
3.384036838619031641e+03 9.814382441329900786e-01 3.193898406507166172e-03 3.936722039220466286e+03
3.384045469952827716e+03 9.847632063102226274e-01 3.206553396063305424e-03 3.950246271381542556e+03
3.384054101286623791e+03 9.883084130387688182e-01 3.219749137568873008e-03 3.964631089855042774e+03
3.384062732620419865e+03 9.885502349412055301e-01 3.218128090894061162e-03 3.965737983203947806e+03
3.384071363954215940e+03 9.886023063752440443e-01 3.215895646273579656e-03 3.966054071582164852e+03
3.384079995288012014e+03 9.901420371426025158e-01 3.225839440970711645e-03 3.972306103267520029e+03
3.384088626621808089e+03 9.917449381174999745e-01 3.236323162120242729e-03 3.978776641353607374e+03
3.384097257955604164e+03 9.953457529938553039e-01 3.245533134927695417e-03 3.993224792226906175e+03
3.384105889289400238e+03 9.990791309988593660e-01 3.254686589903235758e-03 4.008163888606141882e+03
3.384114520623196313e+03 9.987459394383104705e-01 3.254407371072204607e-03 4.006744728259609474e+03
3.384123151956992388e+03 9.981376932547815217e-01 3.253580243599618182e-03 4.004176406502436294e+03
3.384131783290788462e+03 9.990519823185084469e-01 3.249240224599055527e-03 4.007670486576421354e+03
3.384140414624584537e+03 1.000056296424383540e+00 3.244780687278108183e-03 4.011481029143787964e+03
3.384149045958380611e+03 9.998402519802257471e-01 3.242874541439456828e-03 4.010353044618737840e+03
3.384157677292176686e+03 9.996217580504488387e-01 3.241319106691534831e-03 4.009173314410886178e+03
3.384166308625972306e+03 9.991183502881560985e-01 3.238195533528827157e-03 4.006810229948337565e+03
3.384174939959768381e+03 9.986092964803260363e-01 3.234906294965780166e-03 4.004385140685421902e+03
3.384183571293564455e+03 9.985751952617122340e-01 3.238046265152721027e-03 4.003826232740951127e+03
3.384192202627360530e+03 9.984983970022339728e-01 3.241582570514150042e-03 4.003058750475095621e+03
3.384200833961156604e+03 9.969065223034987433e-01 3.238746152628333829e-03 3.996181747835542410e+03
3.384209465294952679e+03 9.953521903016470107e-01 3.235795300694849306e-03 3.989421766244535320e+03
3.384218096628748754e+03 9.961852260027899142e-01 3.234113498547112713e-03 3.992196932442849175e+03
3.384226727962544828e+03 9.970371944287859112e-01 3.232258608466655973e-03 3.995014201554703504e+03
3.384235359296340903e+03 9.968803163901422959e-01 3.239328298827025710e-03 3.993757049303803797e+03
3.384243990630136977e+03 9.967554130139842927e-01 3.247250116591993575e-03 3.992597643141568369e+03
3.384252621963933052e+03 9.949807398131531588e-01 3.234553361294523199e-03 3.984801845002803020e+03
3.384261253297729127e+03 9.929522700451318684e-01 3.219950449784004382e-03 3.975964097008044519e+03
3.384269884631525201e+03 9.941317042973988327e-01 3.227566546598840697e-03 3.979944955263175871e+03
3.384278515965321276e+03 9.957690938673405823e-01 3.237087699716791490e-03 3.985731156404453941e+03
3.384287147299117350e+03 9.967571924658186200e-01 3.239175698832257640e-03 3.988891596595149167e+03
3.384295778632913425e+03 9.974241665169739646e-01 3.240188323948082517e-03 3.990741903106407335e+03
3.384304409966709500e+03 9.969514623918772633e-01 3.243481323089410576e-03 3.988009576978854966e+03
3.384313041300505574e+03 9.965737104747727226e-01 3.247325471568646670e-03 3.985636377088271729e+03
3.384321672634301649e+03 9.982986203544820247e-01 3.248738501585977326e-03 3.991650953318757729e+03
3.384330303968097724e+03 1.000136015448896964e+00 3.250072466863404390e-03 3.998092930768412771e+03
3.384338935301893798e+03 9.980928970892949392e-01 3.254120622926346459e-03 3.989004518449782609e+03
3.384347566635689873e+03 9.956373144535137776e-01 3.257901744435921006e-03 3.978254940493994582e+03
3.384356197969485947e+03 9.964735245164667576e-01 3.256045398646027593e-03 3.980644129930519739e+03
3.384364829303281567e+03 9.977644412235774363e-01 3.254527647177919876e-03 3.984833110085145563e+03
3.384373460637077642e+03 9.990266069946904803e-01 3.266103732831474125e-03 3.988891303781989336e+03
3.384382091970873716e+03 1.000064527256738112e+00 3.277558122250092722e-03 3.992039515403221230e+03
3.384390723304669791e+03 9.977360492927284108e-01 3.269643790928086075e-03 3.981739895608074221e+03
3.384399354638465866e+03 9.953783390686397059e-01 3.261219985487770912e-03 3.971318310183203721e+03
3.384407985972261940e+03 9.966153045794604592e-01 3.264838276408167130e-03 3.975230849580593713e+03
3.384416617306058015e+03 9.980761556776718280e-01 3.269189458696891270e-03 3.980025866906928059e+03
3.384425248639854090e+03 9.979191173120502967e-01 3.270411416256383506e-03 3.978361249960891655e+03
3.384433879973650164e+03 9.976793970689095126e-01 3.271496053468736422e-03 3.976361930243133429e+03
3.384442511307446239e+03 9.999882410465216198e-01 3.282262024725145309e-03 3.984513669565808414e+03
3.384451142641242313e+03 1.002485476833189892e+00 3.293545216244855075e-03 3.993407791044140140e+03
3.384459773975038388e+03 1.000240674308408906e+00 3.289748394225894875e-03 3.983409625919886821e+03
3.384468405308834463e+03 9.977997763925491315e-01 3.285463079249834311e-03 3.972634533514881696e+03
3.384477036642630537e+03 9.981289113390149348e-01 3.287425891014147516e-03 3.972890471955775411e+03
3.384485667976426612e+03 9.985438987579983161e-01 3.289543802922817884e-03 3.973488692468213230e+03
3.384494299310222686e+03 1.000053514961655399e+00 3.297428959120812970e-03 3.978443210464972253e+03
3.384502930644018761e+03 1.001586758786300324e+00 3.305489924206490415e-03 3.983492159823360453e+03
3.384511561977814836e+03 1.001529682095927187e+00 3.309362661051434666e-03 3.982219349456509008e+03
3.384520193311610910e+03 1.001424047202481793e+00 3.313154803849758471e-03 3.980759559925651047e+03
3.384528824645406985e+03 9.986261820275599277e-01 3.303553514333792875e-03 3.968607952580990968e+03
3.384537455979203060e+03 9.958900714938484500e-01 3.293888039762957708e-03 3.956715636188925146e+03
3.384546087312999134e+03 9.992543894170251573e-01 3.307189671765861996e-03 3.969069287066789002e+03
3.384554718646795209e+03 1.002678886667374147e+00 3.320764192758982308e-03 3.981665603278987874e+03
3.384563349980590829e+03 1.001557975426225822e+00 3.318026348495428657e-03 3.976221310668104707e+03
3.384571981314386903e+03 1.000309580230951845e+00 3.314744123143387091e-03 3.970286024456413543e+03
3.384580612648182978e+03 9.991692096262824174e-01 3.306024176857187604e-03 3.964795731683046597e+03
3.384589243981979052e+03 9.980264503756730576e-01 3.297360223132699865e-03 3.959313186951910211e+03
3.384597875315775127e+03 9.983881467481772187e-01 3.302493580428062046e-03 3.959815943105769747e+03
3.384606506649571202e+03 9.988858105474596183e-01 3.307883171714912432e-03 3.960874490085990601e+03
3.384615137983367276e+03 1.001283616398518372e+00 3.305262266459159208e-03 3.969483506141911676e+03
3.384623769317163351e+03 1.003671057809991218e+00 3.302633539944394882e-03 3.978066830551114435e+03
3.384632400650959426e+03 1.001924225241195732e+00 3.295797085837297823e-03 3.970284132528668124e+03
3.384641031984755500e+03 1.000117854523553618e+00 3.288834390219318258e-03 3.962290459933169586e+03
3.384649663318551575e+03 9.993525317439097000e-01 3.286934187934730314e-03 3.958446417015471525e+03
3.384658294652347649e+03 9.986058886232949128e-01 3.285132888095628357e-03 3.954701748856519771e+03
